descricao,endereco,estoque,minimo,maximo,codigo
MANGUEIRA P/ AQUECIMENTO DE ADESIVO / COLA MAKMELT BR17G294 6MT 230V 660W 1200SI,A1101,1,0,0,ALM00924
"MANGUEIRA P/ AQUECIMENTO DE ADESIVO / COLA VALCO MELTON MOD. 981XX208 H6060 230V 840W 100BAR 230°C 4,8MT 16FT",A1101,1,0,0,ALM00934
PISTOLA MAKMELT MODELO:020002N ,A1102,13,0,0,ALM00741
PLACA ELETRONICA DO CLP 047-68969390,A1102,0,0,0,ALM00843
PLACA COLEIRO 151XX680 (MADE FROM 152XX680) KRM 0007; VER M1 *PCB ASSY 12-ZONE GEAR- PUMP NI-120 18041 625 (VALCO MELTON),A1102,1,0,0,ALM01045
PLACA DO AQUECEDOR AINTEC AM5TW-4805S-RZ1114,A1102,0,0,0,ALM01115
PLACA 3HAC025784-001/00DSQC 651,A1102,1,0,0,ALM01434
TOMADA MACHO SIMPLES 2P +T 10A 280V  PLUG ,A1103,1,0,0,ALM00928
SENSOR OPTICO SICK WTB12-3P2431 ,A1103,7,0,0,ALM00942
CHAVE ELETRICA REVERSORA MARGIRUIS CR830 30A SERIE 800,A1103,2,0,0,ALM00944
TOMADA FEMEA SIMPLES 2P 10A 250V PLUG ,A1103,9,0,0,ALM00946
PLACA PCB ASSY DUAL-VFD +/-15 HMU 151XX701 (VALCO MELTON),A1103,1,0,0,ALM01049
CHAVE VCF5 SCHNEIDER TESYS 080463,A1103,4,0,0,ALM01212
PRESSOSTATO HYDAC VM 2 D.0/-L24 FILTER CLOGGING INDICATORS,A1103,3,0,0,ALM01277
TRANSMISSOR DE PRESSÃO IP65 PN:VKP-027-A-11-42-999 RANGE:0...200BAR,A1103,1,0,0,ALM01435
SENSOR SICK VSPI-4F2111 ,A1103,1,0,0,ALM01507
PLACA ABB 3HAC044168-001/05,A1104,2,0,0,ALM00109
TRANSDUTOR DE PRESSÃO TSA-E-1-Z-BV05-G-T-V-XP460 (GEFRA),A1104,1,0,0,ALM00573
CONECTOR PARA TRANSMISSOR DE PRESSÃO 5004109 (PARKER),A1104,2,0,0,ALM00574
TERMOSTATO ADD KSD301 250V 10A A 200C NF,A1104,20,0,0,ALM00800
SENSOR OPTICO BANNER EID: 3094849 LTF12IC2LDQ,A1104,2,0,0,ALM01276
MEMORIA FLASH COMPACT 1GB ADAPTADOR 40 PIN SERVNEWS MASTRE 2eo-34,A1104,2,0,0,ALM01358
"Placa De Medição Dsqc 313, 3hab 3700-1, Robô Abb, SMB Board 3hab 2213-1 Serial ",A1104,0,0,0,ALM01359
TRANSMISSOR DE PRESSÃO FLUSH N RANGER: 0....30 KGF/CM²,A1104,2,0,0,ALM01436
"BLOCOS DE PROTEÇÃO CONECTOR 3-POLE, 3+ 5SD7463-0 SURGE ARRESTER TIPO 2 EXIGÊNCIA CATEGORIA C, UC 350V (SIEMENS)",A1105,3,0,0,ALM01083
"DISJUNTOR CIRCUITO 5SP4391-7   400 V 10KA, 3-POLE, C, 100A, D 70 MM (SIEMENS)",A1105,1,0,0,ALM01084
DISJUNTOR  5SY8332-7 (SIEMENS),A1105,2,0,0,ALM01085
BLOCO DE PROTEÇÃO CONECTOR 5SD7464-0,A1105,1,0,0,ALM01219
PONTE RETIFICADORA + LGE AC KBPC5010,A1105,4,0,0,ALM01332
PISTOLA VALCO MELTON  P/N 983XX198 VOLTS: 250 WATTS: 150,A1105,0,0,0,ALM01427
HF HIGH SPEED DISCONNECTION REPLACEMENT,A1105,0,0,0,ALM01493
THYRATRON TQ 1/2 CHRISTAL,A1105,1,0,0,ALM01494
CAPACITOR CCG81-1 250PF 15KV 15KVA ,A1105,3,0,0,ALM01500
PLACA ELETRONICA DO SERVOMOTOR GDM12Z,A1106,1,0,0,ALM00782
PLACA ELETRONICA DO GERADOR HSMODU 25KW,A1106,3,0,0,ALM00783
FUSIVEL KRAH 02/14 D GS 16X63 A 470R K,A1106,0,0,0,ALM00784
FUSIVEL KRAH GS 24X165C 2K5  K ,A1106,5,0,0,ALM00908
FUSIVEL KRAH ZS 24/100 VCF 100R K,A1106,1,0,0,ALM00986
FUSIVEL KRAH ZS 36X330 C 56R K,A1106,1,0,0,ALM01047
"LUMINARIA INDUSTRIAL LED HIGH BAY 100W. AC100-277V,50/60HZ",A1201,0,0,0,ALM01222
MANGUEIRA HOT MELT REF: HMTC,A1201,0,0,0,ALM01438
PISTOLA HOT MELT P/N: XP-401-RS,A1201,0,0,0,ALM01439
PRENSA TERMINAL AÇO 240MM,A1202,10,0,0,ALM00095
PRENSA TERMINAL AÇO KL10/6,A1202,89,0,0,ALM00096
PRENSA TERMINAL AÇO KL25/8,A1202,26,0,0,ALM00097
PRENSA TERMINAL AÇO 25MM,A1202,235,0,0,ALM00098
PRENSA TERMINAL AÇO 35MM,A1202,138,0,0,ALM00099
PRENSA TERMINAL AÇO 50MM,A1202,63,0,0,ALM00100
PRENSA TERMINAL 16MM,A1202,75,0,0,ALM00108
TERMINAL LUVA PARA CABO 35MM,A1202,23,0,0,ALM00121
PRENSA TERMINAL DE AÇO  20MM,A1202,0,0,0,ALM00211
TERMINAL LUVA PARA CABO 50MM,A1202,15,0,0,ALM00212
PRENSA TERMINAL DE AÇO  10MM,A1202,95,0,0,ALM00213
PRENSA TERMINAL DE AÇO  95MM,A1202,16,0,0,ALM00214
PRENSA TERMINAL DE AÇO  70MM,A1202,97,0,0,ALM00215
PRENSA TERMINAL DE AÇO CPH 8-10,A1202,160,0,0,ALM00952
PRENSA TERMINAL DE AÇO 120MM,A1202,0,0,0,ALM00953
TERMINAIS PRE ISOLADOS LU2694 (CRIMPER),A1203,300,0,0,ALM01102
FUSIVEL CERAMICO RESISTENCIAS DO PARSEL SHELF 10A,A1204,70,0,0,ALM00008
"FUSIVEL DE VIDRO 1,5A",A1204,0,0,0,ALM00009
"FUSIVEL DE VIDRO  2,5A",A1204,0,0,0,ALM00010
FUSIVEL DE VIDRO  3A,A1204,0,0,0,ALM00011
FUSIVEL DE VIDRO 6A,A1204,5,0,0,ALM00012
FUSIVEL DE VIDRO  4A,A1204,0,0,0,ALM00013
FUSIVEL CARTUCHO ULTRA RAPIDO 10X38 4A,A1204,1,0,0,ALM00014
FUSIVEL CARTUCHO ULTRA RAPIDO 10X38 2A,A1204,10,0,0,ALM00015
FUSIVEL CARTUCHO ULTRA RAPIDO 10X38 6A,A1204,2,0,0,ALM00016
FUSIVEL CARTUCHO ULTRA RAPIDO 10X38 10A,A1204,2,0,0,ALM00017
BLOCO DE CONTATO AUXILIAR SIEMENS 3RH1911-1FA22,A1204,1,0,0,ALM00019
FUSIVEL LEGRAND 13301 10X38 Gg 1A 500V IEC 269-2 NFC 63 210/100KA,A1204,2,0,0,ALM00026
BLOCO DE CONTATOS AUXILIARES FRONTAIS  - 3RH2911-1GA40 (SIEMENS),A1204,5,0,0,ALM00042
FUSIVEL CARTUCHO HAGER NHOOO Gg 120KA 100A 500V,A1204,2,0,0,ALM00044
FUSÍVEL CARTUCHO P/ BARRAMENTO 40A 500VAC NP5873 - AMERICAN FUSE NP5873,A1204,17,0,0,ALM00067
"FUSÍVEL NH SIEMENS - REF. 3NA3 822, 63A 500V",A1204,16,0,0,ALM00169
"FUSÍVEL FERRAZ SHAWMUT - REF. NH000GG500V80, 80A 500VCA",A1204,6,0,0,ALM00170
BLOCO DE CONTATO AUXILIAR LADN22 IEC 60947-5-1 (SCHNEIDER),A1204,0,0,0,ALM00245
FUSIVEL DE VIDRO 1A,A1204,1,0,0,ALM00951
BLOCO DE CONTATO 10A SCHNEIDER JIS C4531 A600-Q600,A1204,3,0,0,ALM01053
BLOCO DE CONTATO LA1 KN22 IEC/EM 60947-5-1 J15 C4531 10A,A1204,0,0,0,ALM01054
BLOCO DE CONTATO IEC 60947 3RH1921-1HA22,A1204,1,0,0,ALM01055
BLOCO DE CONTATO  (SIEMENS) 3RH1911-1GA22,A1204,1,0,0,ALM01056
CONTACTOR AUXILIAR LP1K0901BD (SCHINEDER),A1204,0,0,0,ALM01105
CONTACTOR AUXILIAR LC1K0910Q7 ,A1204,0,0,0,ALM01106
FUSÍVEL 3NA3 830 SIEMENS 500V 100A,A1204,9,0,0,ALM01108
BLOCO DE CONTATO 3RH1911-1HA22,A1204,2,0,0,ALM01220
BLOCO DE CONTATO WEG IEC 60947-5-1  10A,A1204,5,0,0,ALM01221
FUSIVEL SIEMENS 5SE2 325 NEOZED  D02 25A  gG 400V a.c.  250 d.c.,A1204,20,0,0,ALM01292
CONTATO AUXILIAR LAEN11 8C2030,A1204,5,0,0,ALM01329
FUSIVEL CARTUCHO WEBER NHOO 120KA gG 63A 500V,A1204,1,0,0,ALM01380
BLOCO DE CONTATO 3HR2911-1FA22,A1204,0,0,0,ALM01381
FUSIVEL CARTUCHO ULTRA RAPIDO 6X30 8A,A1204,20,0,0,ALM01452
FUSIVEL VIDRO RAP 5 X 20 10AMP 250V,A1204,0,0,0,ALM01495
FUSIVEL CARTUCHO CERAMICO 10X38 20A 250V C/RETARDO,A1204,30,0,0,ALM01496
FUSIVEL CARTUCHO CERAMICO 6X32 8A 250V C/RETARDO,A1204,0,0,0,ALM01497
"FUSIVEL VIDRO RAP 5 X 20 6,3AMP 250V",A1204,0,0,0,ALM01498
FUSIVEL DE VIDRO 5X10 10AMP,A1204,50,8,20,ALM01523
SENSOR FIM DE CURSO XCKM110 X1,A1205,4,0,0,ALM00020
RELE DE NIVEL  NC-COM-NO,A1205,4,0,0,ALM00024
CHAVE PARA CONTATO ABERTO FECHADO ZB2BE102,A1205,0,0,0,ALM00025
DISTRIBUIDOR DE CONTATO PHOENIX D18D08,A1205,1,0,0,ALM00028
CELULA DE CARGA  L6F-C3-100KG-3B6,A1205,1,0,0,ALM00303
CELULA DE CARGA  500K MOD:TA26  S.M 20163071,A1205,1,0,0,ALM00652
"BOIA DE NÍVEL (MAPRE) TRAMA CABO SILICONE 2X0,50 MM 300-C 750V NTT 16 ",A1205,2,0,0,ALM01103
BASE PARA RELE TELEMECANIQUE RUZC3M 10A 250V 2.5KV 3,A1205,4,0,0,ALM01382
RESISTENCIA TUBO INOX 220V 3KW,A1206,1,0,0,ALM00795
"RESISTENCIA TUB INOX  Ø1/2 U9 1490 12mm 9,6KW/254/440V E3",A1206,4,0,0,ALM00809
RESISTENCIA  TUB INOX Ø3/8 ROSCA 1.1/4 230mm 3KW/220V 380V E3,A1206,2,0,0,ALM00812
RESISTENCIA TUB INOX  Ø3/8 FLANGE 290mm 12KW/254/440V E3,A1206,0,0,0,ALM01319
RESISTENCIA RT TUB INOX Ø3/8 FLANGER 280mm 12KW/254/440V E3 ,A1206,0,0,0,ALM01331
RESISTENCIA KDI 7.5KW 254V,A1206,1,0,0,ALM01379
RESISTENCIA KDI 3.5KW 220V 380V,A1206,2,1,2,ALM01531
QUADRO DE COMANDO DE SOBREPOR  300X300MM,A1301,0,0,0,ALM00470
QUADRO DE COMANDO DE SOBREPOR 300X200X120 REF:SEX322 053031 (STECK),A1301,0,0,0,ALM01121
QUADRO DE COMANDO DE SOBREPOR SEX171 059771 IP55 (STECK),A1301,1,0,0,ALM01122
QUADRO DE COMANDO DE SOBREPOR CBCHP 460-5/22 ,A1301,0,0,0,ALM01243
DISJUNTOR TRIPOLAR ROBUSTO EZC100N GB 14048.2,A1302,0,0,0,ALM00033
DISJUNTOR SERIE c20 230/400v 50/60Hz 3000A,A1302,2,0,0,ALM00034
INTERRUPTOR DIFERENCIAL RESIDUAL MDW C40 -230/400V WEG,A1302,6,0,0,ALM00035
DISJUNTOR TERMOMAGNETICO EZ9F33316 (SCHNEIDER),A1302,0,0,0,ALM00036
DISJUNTOR TRIPOLAR DZ47-63 (LUKMA) 50/60Hz,A1302,0,0,0,ALM00037
DISJUNTOR MONOPOLAR 2A SERIE CURVA C,A1302,0,0,0,ALM00177
DISJUNTOR STECK SD C32 230/400V 50/60Hz 3000A,A1302,0,0,0,ALM00967
INCREMENTAL AND ABSOLUTE ER63G 102425/Z8P 15X3JR (ELTRA),A1302,1,0,0,ALM00973
INCREMENTAL AND ABSOLUTE EH 80P 100028/Z4P 15X3PR2 (ELTRA),A1302,1,0,0,ALM00974
DISJUNTOR TERMOMAGNETICO NM 60898 IEC60947-2SD 1P C16 230-400V,A1302,0,0,0,ALM01107
DISJUNTOR MOTOR IEC-EN 60947 MS116-1.0 1SAM250000R1005 (ABB),A1303,1,0,0,ALM00038
DISJUNTOR MOTOR GZ1M14 6-10A (SCHNEIDER),A1303,1,0,0,ALM00040
RELE DE ESTADO SOLIDO HW-1-DA4880,A1303,5,0,0,ALM00455
RELE DE SEGURANCA XPSLCMUT1160,A1303,1,0,0,ALM00994
DISJUNTOR MOTOR TERMOMAGNÉTICO SCHNEIDER - REF. GV2-ME02C / 0.16-0.25A,A1303,0,0,0,ALM01042
"CONTATOR DE POTÊNCIA DOS RELES , MARCA: SCHNEIDER, MODELO: LC1D12,REF: 9121027
",A1303,0,0,0,ALM01261
DISJUNTOR MOTOR GZ1E07 B,A1303,0,0,0,ALM01273
RELE TEMPORIZADOR  RE17RLMU ZELIO TIME GB/T14048.5,A1303,0,0,0,ALM01282
MODULAR SMART RELAY ZELIO CLOCK-DISPLAY SR3 B261BD 24VDC,A1303,1,0,0,ALM01283
DISJUNTOR MOTOR GV2ME05 0.63 - 1A  ,A1303,3,0,0,ALM01327
"DISJUNTOR MOTOR GZ1E14 le: 6-10A Eu; 690 V,50/60Hz Uimp; 6 Kv",A1303,4,0,0,ALM01328
BASE C/ RELÉ SLIM PRT8-1/ JZ1RC3 24VDC METALTEX PRT8-1 (HIGHEND),A1304,3,0,0,ALM00043
CONTATO AUX PARA DISJUNTOR MOTOR GVAE11 SCHENEIDE,A1304,1,0,0,ALM00045
CORPO FIM DE CURSO ZCP 21 M12 X1  GB14048.5,A1304,10,0,0,ALM00047
RELE TERMICO DE SOBRECARGA LRD05 IEC-EM  60947-4-1 (SCHNEIDER) MAX:690V-50/60Hz 10A B600-R300,A1304,4,0,0,ALM00051
"BLOCO TERMINAL PARA RELE TERMICO LAD7B106 35X50,70 M4",A1304,2,0,0,ALM00053
RELE DE NIVEL WEG RNW-ENE09 (WEG),A1304,3,0,0,ALM00055
CONTATO AUXILIAR WEG BCXMF01 A600 Q600,A1304,3,0,0,ALM00424
BASE SEPARADOR PARA RELE RXMZ.1  RXZE2S108M (SCHNEIDER),A1304,2,0,0,ALM00922
RELE 24V BOOTON VIEW 1726W2 5A G2R-2-SN(S)  (OMRON),A1304,2,0,0,ALM00979
RELE MINIATURA RXM4AB2BD 24VDC  IEC 61810-1  (SCHNEIDER),A1304,9,0,0,ALM01006
RELE FINDER DE DUPLO CONTATO S/BASE TIPO 40.52 8A 250V 24V DC,A1304,3,0,0,ALM01007
RELE MINIATURA RXM2ABBD 12A 24VDC+LED ZELIO RELAY 940347,A1304,9,0,0,ALM01051
DISJUNTOR ELETRICO C10 EZ9F33210 (SCHNEIDER) ,A1304,0,0,0,ALM01086
MODULO DE EXPANSAO SR3 XT141BD ,A1304,1,0,0,ALM01274
TERMINAL BLOCK ID No.: 774195   PILZ ,A1304,0,0,0,ALM01275
BASE PARA RELE RXZE2S114M CONTATOS MISTOS CONEXÕES POR PARAFUSOS,A1304,9,0,0,ALM01354
"BOTOEIRA C/ SINALIZAÇÃO BRANCA BHS - REF. HB2-BE101, 1NO Ø22MM BA9S VMAX 220V BHS",A1305,11,0,0,ALM00057
"BOTOEIRA C/ SINALIZAÇÃO VERDE BHS - REF. TY-15A, 1NO Ø22MM BA9S VMAX 220V TY-15A BHS",A1305,4,0,0,ALM00059
BASE PARA FUSIVEL CERAMICO (WOHNER),A1305,1,0,0,ALM00060
"BOTOEIRA C/ SINALIZAÇÃO AZUL BHS - REF. TY-13C, 1NO Ø22MM BA9S VMAX 220V TY-13C BHS",A1305,4,0,0,ALM00061
BASE COM FUSIVEL ETI 16A 002322009,A1305,2,0,0,ALM00062
BOTÃO DE EMERGENCIA - TIPO C - IEC60947-5-5 (ABB),A1305,1,0,0,ALM00063
SUPRESSOR DE SURTO SIEMENS 3RT2916-1DG00 (SIEMENS),A1305,8,0,0,ALM00064
CABEÇA P/ BOTÃO DE EMERGÊNCIA REF. ZB5 AS 834 (SCHNEIDER),A1305,4,0,0,ALM00065
CONTROLADOR DE TEMPERATURA HW4900 PN: 8120200224,A1305,3,0,0,ALM00066
PLUG P/ CABO PROFINET IE FC RJ45 PLUG 180 - REF. 6GK1901-1BB10-2AA0 6GK1901-1BB10-2AA0 SIEMENS,A1305,14,0,0,ALM00068
CONTATO AUXILIAR LAEN22 SCHNEIDER,A1305,10,0,0,ALM00728
BOTÃO DUPLO FACEADO CEW-BDM-11000000 (WEG)  LIGAR  DESLIGA  1NA + 1NF ,A1305,0,0,0,ALM00960
SUPRESSOR DE SURTO SIEMENS 3RT1916-1EH00,A1305,1,0,0,ALM01383
DISJUNTOR TRIPOLAR EZC630N3600N,A1306,1,0,0,ALM00070
CAIXA BOTOEIRA C/ BOTÃO DE EMERGÊNCIA SIEMENS - REF. 3SB3 801-0EG3,A1306,2,0,0,ALM00072
"RESISTÊNCIA 9KW,  MARCA: GWK - (380V/50/60Hz) - REF: 9051046",A1306,0,0,0,ALM01257
CHAVE DE NIVEL MODELO: NC1-RA-T-2N L=150mm,A1306,1,0,0,ALM01437
QUADRO DE COMANDO DE SOBREPOR 400X400X200 ,A1401,4,0,0,ALM01057
QUADRO DE COMANDO DE SOBREPOR 400X300X200,A1401,0,0,0,ALM01058
TOMADAS DE 10  AMPERES ,A1402,5,0,0,ALM00004
"CONDULETE ALUM: E 1"" COM ROSCA",A1402,12,0,0,ALM00006
TAMPA CEGA PARA CONDULETES,A1402,44,0,0,ALM00079
"CONDULETE ALUM: E 1"" 1/4"" COM ROSCA",A1402,2,0,0,ALM00080
TAMPA PARA TOMADA REGIDA WETZEL,A1402,5,0,0,ALM00969
TOMADAS DE 20 AMPERES,A1402,9,0,0,ALM01196
"CONDULETE ALUM: C 1"" COM ROSCA",A1402,2,0,0,ALM01385
"CONDULETE ALUM: TB 1"" COM ROSCA",A1402,2,0,0,ALM01386
"CONDULETE ALUM: C 1"" SEM ROSCA",A1402,1,0,0,ALM01387
"CONDULETE ALUM: X 1"" SEM ROSCA",A1402,0,0,0,ALM01388
CHAVE SECCIONADORA P/ FUSÍVEL NH TAMAHO 00 - IMAX. 160A - SIEMENS - REF. 3NP1133-1CA10,A1403,2,0,0,ALM00081
CONTACTOR LC1 D09BD SCHNEIDER 25A ,A1403,3,0,0,ALM00082
CONTACTOR TRIPOLAR 25A (WEG) REF. CWC025-00-30V26 ,A1403,1,0,0,ALM00083
CONTATOR DE FORÇA AC-3: 9A 400V 380V 4KW 10E 1NO DC 24V SIEMENS,A1403,2,0,0,ALM00084
CONTATOR DE FORÇA AC-3: 12A 400V 380V 5.5KW 10E 1NO SIEMENS ,A1403,2,0,0,ALM00085
CONTATOR DE FORÇA AC-3: 18A 400V 380V 7.5KW 10E 1NO,A1403,2,0,0,ALM00086
MINI CONTATOR WEG CWC09-10-30C03,A1403,0,0,0,ALM00995
CONTATOR JNG JZC4-22 (2NA=2NF) 660V 10A,A1403,0,0,0,ALM01505
CONTATOR WEG CWB25-11-30C03 25A 24VDC,A1403,2,2,4,ALM01520
ACOPLAMENTO STECK FIXAR N5246 32-6h/380-440V 3P+N+ FEMEA VERMELHO,A1404,2,0,0,ALM00088
ACOPLAMENTO STECK N4256 32A-6h 380V 440V 3P+ 052794 FEMEA VERMELHO,A1404,0,0,0,ALM00089
ACOPLAMENTO STECK N3056 16A-6h 200V 250V 2P+ OSN20568 FEMEA AZUL,A1404,1,0,0,ALM00090
ACOPLAMENTO STECK FIXAR N3006 2P+16A-6h 200-250V OSN24818 FEMEA AZUL,A1404,3,0,0,ALM00092
REATOR ELETRÔNICO PHILIPS 2X32W 127/230V - REF. EB232A16/26P,A1405,2,0,0,ALM00005
ACOPLAMENTO STECK N3059 16A-9h/380-440V 2P+,A1405,5,0,0,ALM00007
ACOPLAMENTO FIXAR STECK N3049 16A-9h 380-440V 2P+  FEMEA VERMELHO,A1405,2,0,0,ALM01052
FITA ANTICORROS. 100MMX30M SCOTH ,A1405,8,0,0,ALM01207
ACOPLAMENTO FIXAR STECK N4006 16A-6h/380-440V 3P+ FEMEA VERMELHA,A1405,0,0,0,ALM01384
SUPORTE PARA SONDA E43334 LR COAX TUBE 1200 SLOTTEED,A2101,0,0,0,ALM01441
SONDA 1200mm E43208 IFM,A2101,0,0,0,ALM01442
IHM SIEMENS KTP400 6AV6 647-0AK11-3AX0,A2102,1,0,0,ALM00334
"CABO USB to RS-232, 4-PIN M8 cable (2 m) DSL-8U04G2M025KM1 SICK",A2102,3,0,0,ALM01011
IHM MT8071iE S/N: 1811280946 24VDC+- 20% 450mA  (WEINTEK),A2102,0,0,0,ALM01012
CONVERSOR SERIAL RS232/RS485 CS485-V,A2102,0,0,0,ALM01088
PROGRAMADOR LOGICO CONTROLLER K7M-DT30U (V3.40) LSR-G7M-DT30U-N (A) S/N: 5008310031D,A2102,1,0,0,ALM01089
CABO SR2 USB01 ZELIO-920400,A2102,2,0,0,ALM01202
IHM SCHNEIDER XBTGT4230 SN: 103696C005018,A2102,1,0,0,ALM01430
MODULO DE EXPANSÃO TM2DDI16DT,A2102,1,0,0,ALM01432
VACUOSTATO SMC PRESSURE ZSE30A-01-P 12-24VDC 40MA MAX 0--10LKPA,A2103,0,0,0,ALM00767
SUPORTE PARA SENSOR 2012938 D-79183 SICK,A2103,6,0,0,ALM00949
"SUPORTE PARA SENSOR 2013942 SICK AG, D-79183",A2103,9,0,0,ALM00950
BORNE CINZA UJ5-2.5,A2103,4,0,0,ALM00956
BORNE GREME UT2-2.5(T),A2103,12,0,0,ALM00957
BRONE AZUL UT2-6(T),A2103,63,0,0,ALM00958
BORNE MARROM EW35,A2103,8,0,0,ALM00959
SUPORTE PARA BARREIRA ,A2103,12,0,0,ALM00982
PEPPERL+FUHS TYPE:NBB20-L2-E2-V1  PART NO.: 187481 10-30VDC/200nA,A2103,7,0,0,ALM01111
PEPPERL+FUCHS UC4000-L2-E6-V15 PORT NO:188208 10-3VDC,A2103,1,0,0,ALM01389
SENSORES OPTICOS IFM 05DLCPKG/US,A2103,0,0,0,ALM01393
TRANSMISSOR DE TEMPERATURA PT100 P/SAIDA 4.20ma 0a 200 °C,A2103,2,0,0,ALM01424
ENCODER RVP510,A2104,1,0,0,ALM00309
PROGRAMADOR TM-DSDINA4 220VCA (METALTEX),A2104,4,0,0,ALM00328
PLACA SCHIRMACHER S&H-3 RJ 94V-0 ARTIKEL NR: 9999.377,A2104,0,0,0,ALM00724
"PRESSOSTATO PSG DIG HYDAC EDS3408-5-0040-1/2""",A2104,0,0,0,ALM00726
CERABAR T PMP 131-A1401A70 MWP100BAR ,A2104,0,0,0,ALM01112
SENSOR AG.D-79183 WALDKIRCH  LL3-TB01 SICK ,A2104,1,0,0,ALM01117
SENSOR FES-N11CP#E4L93194B,A2104,1,0,0,ALM01119
PEPPERL+FUCHS PORT NO: 805076 SU19/110/115/123,A2104,1,0,0,ALM01390
VOLTIMETRO SERIE: BC72 S/N:07015168 FREQUENCY RANGE 45...65 Hz,A2104,1,0,0,ALM01391
RESISTENCIA ELETROTHERMO 2FTRZ 800W 240V ,A2105,44,0,0,ALM01050
"LAMINA DE CONTATO M36 TIPO  A CHAPA 120X180X3,0MM",A2106,1,0,0,ALM00779
PLACA TYP: SE67 AUFTRAGS NR: 440582-3,A2106,0,0,0,ALM00780
"LAMINA DE CONTATO M36 TIPO  B CHAPA 100X75X0,5mm",A2106,1,0,0,ALM00781
MODULO DE ALTA FREQUENCIA ,A2106,1,0,0,ALM01392
LENTE SICK FRONTSCHEIBE ERSATZTEIL - 2027180,A2201,2,0,0,ALM00111
SENSOR MODELO: CS1-30P DC:5-30V. 200MA. 6W,A2201,8,0,0,ALM01506
IHM TS680 TOUCHSYSTEM CODE 9320680 SERIAL 141425,A2202,1,0,0,ALM00115
IHM SIEMENS TP700 6AV2 124-0GC01-0AX0,A2202,2,0,0,ALM00116
IHM SIEMENS TP900 6AV2 124-0JC01-0AX0,A2202,1,0,0,ALM00117
IHM KP300 6AV6 647-0AH11-3AX0,A2202,1,0,0,ALM00130
IHM SIEMENS SIMATIC 6AV2 642-0BA01-1AX1 TP177B PN/DP-6 CSTN,A2202,1,0,0,ALM00311
IHM CONTROLADOR MAKMELT MOD. RK221-V2.5 90-240VCA ,A2202,3,0,0,ALM00926
IHM COLEIRO  SCS STATIC SHIELDING BAG (BATCH NO: 82209 PIN;782XX308) (AXE318) (VALCO MELTON),A2202,1,0,0,ALM01046
IHM SIEMENS 6AV6 647-0AA11-3AXO,A2202,1,0,0,ALM01410
SENSOR SCHMERSAL 101128195 ES12.18.2 BNS 33-12Z 2187 NR1015305492,A2203,3,0,0,ALM00120
"SENSOR INDUTIVO BLINDADO 134439 NCB1,5-18GM60-E2-D-V1",A2203,1,0,0,ALM00122
SENSOR INDUTIVO DO SITEMA BES 516-370-G-E5-YS4/BR,A2203,0,0,0,ALM00123
"DIODO MURR 3124015 24V PC/DC MAX ,50 VA/W",A2203,4,0,0,ALM00129
SENSOR DE SEGURANÇA  XU2S18PP340DR TELEMECANIQUE,A2203,2,0,0,ALM00135
SENSOR DE PROXIMIDADE INDUTIVO IMB TIPO: IMB08-02BPSVT0S  COD:  1070168 (SICK),A2203,2,0,0,ALM00138
SENSOR SICK RE21-sA03 1059506,A2203,0,0,0,ALM00147
SENSOR BALLUFF BES 516-324-EO-C05,A2203,1,0,0,ALM00148
CONJUNTO SENSOR / RELE DE SEGURANÇA / CABO DE LIGAÇÃO L27S-3D3730  (SICK),A2203,0,0,0,ALM00310
SENSOR DFO0064 BFO D22-XAP-LB-EAK-30-02 (BALLUFF),A2203,2,0,0,ALM00327
SENSOR D-79183 IME08-02BPSZCOS 1051205,A2203,0,0,0,ALM00365
SENSOR IFM KG5065 KG-3120NFAKGP2T/US,A2203,0,0,0,ALM00980
SENSOR INDUTIVO BALLUFF BIC0009 REMOTE 1804HU H2-S11,A2203,2,0,0,ALM00988
SENSOR SICK IMP12-1B5PSVCOC 6050119,A2203,2,0,0,ALM01109
SENSOR PEPPERL+FUCHS NBB5-18 GM 50-E2-V1 Part No:84195,A2203,2,0,0,ALM01118
SENSOR D-79183 IME'8-05BPSZCOS 1040934,A2203,0,0,0,ALM01205
SENSOR COM CABO INDUTIVO SCHMERSAL IFL 4-12-11P 171676 ,A2203,3,0,0,ALM01279
SENSOR SITEMA SICK IME12-04BPOZC0SS01  1042579,A2203,8,0,0,ALM01453
SENSOR IFL-8-18-11STP SCHMERSAL,A2203,1,2,6,ALM01522
CONECTOR PARA SENSOR 5 POLO C091 T 3361  001 U,A2204,3,0,0,ALM00119
CONECTOR PARA SENSOR  BCC M334-0000-20-000-31X450-000 (BALLUFF),A2204,5,0,0,ALM00124
TAMPÃO PROTETOR R161933920 REXROTH,A2204,8,0,0,ALM00125
CONECTOR PARA SENSOR SICK DOS-1205-W,A2204,0,0,0,ALM00126
SENSOR INDUTIVO M12 XS112B3PAM12 TELEMAQUINIQUE,A2204,0,0,0,ALM00131
CONECTOR XZCC43FCP40B TELEMAQUINIQUE,A2204,8,0,0,ALM00132
SENSOR MHL 15-P2236 1026 126 NP150,A2204,2,0,0,ALM00133
CONECTOR PARA SENSOR N11 RFF 932 632-106 DIN EM 175201-804,A2204,4,0,0,ALM00134
CONECTOR PARA CABO SICK STE-0803-G,A2204,2,0,0,ALM00136
SENSOR INDUTIVO IME12-04BPSZCOS 1040764,A2204,0,0,0,ALM00137
SENSOR OPTICO SICK L273-3P3 730,A2204,2,0,0,ALM00139
SENSOR OPTICO XUK0AKSAM12 TELEMECANIQUE,A2204,3,0,0,ALM00140
SENSOR FOTO ELETRICO QS18V P6MPQ5 BANNER,A2204,3,0,0,ALM00142
SENSOR MAGNETICO REER  MG M20 M30 2NO M8 4POLES CONN,A2204,3,0,0,ALM00971
CONECTOR SICK D0S-0804-G,A2204,6,0,0,ALM00972
SENSOR BALLUFF BAS0026 BES M08MH1-POC15B-S046,A2204,0,0,0,ALM00981
SENSOR XS108 BLPAL2 TELEMECANIQUE,A2204,1,0,0,ALM01110
CONECTOR SICK D0S-1205-G,A2204,0,0,0,ALM01199
CONECTOR SICK D0S-0803-G,A2204,1,0,0,ALM01200
"SENSOR DE PROXIMIDADE PARA CILINDRO SMT-8M-A-PS-24V-E-0,3-M8D (FESTO)",A2205,2,0,0,ALM00127
"SENSOR DE PROXIMIDADE SME-8M-DS-24V-K-0,3 (FESTO)",A2205,0,0,0,ALM00128
CHAVE SELETORA LUMINOSA SCHNEIDER XB5AK123B3 VERDE,A2205,2,0,0,ALM00143
SENSOR FIM DE CURSO  XCKM115 X1,A2205,0,0,0,ALM00144
CHAVE FIM DE CURSO 3SE5112-0LC02 - SIEMENS,A2205,0,0,0,ALM00145
SENSOR FIM DE CURSO XCKN2118G11,A2205,2,0,0,ALM00146
SENSOR FIM DE CURSO ZCKD02,A2205,1,0,0,ALM00936
SENSOR FIM DE CURSO XCKM A300-Q300,A2205,2,0,0,ALM01201
SENSOR FIM DE CURSO ZCKM1,A2205,4,0,0,ALM01203
SENSOR FIM DE CURSO XCKP2106G11,A2205,3,0,0,ALM01407
ATUADOR P/ SENSOR MAGNÉTICO PILZ PSEN CS 3.1 - IDENT. NO. 541080 PILZ,A2206,0,0,0,ALM00152
SENSOR MAGNÉTICO P/ PORTA PILZ PSEN CS 3.1A - IDENT. NO. 511061  PILZ,A2206,1,0,0,ALM00153
SENSOR SICK RE21-SA05 1059507,A2206,0,0,0,ALM01428
SENSOR FIM DE CURSO XCKP2118G11,A2206,3,0,0,ALM01450
SENSOR SICK UM18-218161101  6048420,A2206,2,0,0,ALM01510
CABEÇA LEITORA CMS-R-EXM-SC (EUCHNER),A2206,4,2,4,ALM01527
ATUADOR MAGNETICO. CMS-M-EF (EUCHNER),A2206,4,2,4,ALM01528
SENSOR DE TEMPERATURA SBWZ TAMANHO DE 78cm de 10 a 150 graus celsius,A2301,0,0,0,ALM00110
ACOPLAMENTO ROSCA 1/4 PARA SENSOR TIPO SONDA PT100 8MM,A2301,23,0,0,ALM01013
SENSOR PT100 TIPO BAIONETA 3 FIOS 8X150mm C/ CABO 2000mm FIBRA C/TRAÇA,A2301,1,0,0,ALM01014
 ROLO CABO  PT-100,A2301,89,0,0,ALM01017
CHAVE V5 IEC- EM 60947-3 125A 3R1349,A2302,1,0,0,ALM00157
FONTE DE ALIMENTAÇÃO CHAVEADA - TRIFÁSICA 3X380-500VAC - DC24V 20A - REF. ABL8 WPS24200 SCHNEIDER ELECTRIC,A2302,1,0,0,ALM00159
"TERMORESISTENCIA PT-100 3F 2,0MT 8,0MM",A2302,5,0,0,ALM00160
SENSOR DE TEMPERATURA  PT100 HUA LONGX THERMOCOURLES PT100 LGNGTH; 1M,A2302,7,0,0,ALM00797
TRANSFORMADOR 250 VA 50/60Hz (LEGRAND),A2302,1,0,0,ALM00964
TRANSFORMADOR POT:100 WATTS ENT:220/380/440V SAIDA 110V/220V ,A2302,1,0,0,ALM01104
FONTE ABL2REM24100H SCHNEIDER 24VDC 250W,A2302,4,0,0,ALM01284
"FONTE DE ALIMENTAÇÃO 24VDC 8,3A ABL2REM24085K",A2302,2,0,0,ALM01373
TRANSFORMADOR DE TENSÃO POT.200W PRIM. 440V SEC. 220V FREQ. 50/60Hz ,A2303,0,0,0,ALM00158
CONTATOR DE FORÇA 24VAC LC1D09B7 (SCHNEIDER),A2303,0,0,0,ALM00161
"BLOCO TEMPORIZADOR  LADT2 TESYS - 038589 - 0,1-30S 1NO+1NC SCHNEIDER ELECTRIC",A2303,5,0,0,ALM00163
CONTATOR DE FORÇA LC1E32 IEC-EN60947-4-1 230V,A2303,0,0,0,ALM00164
DISJUNTOR EASY9 3P 32A CURVA C 3000A EZ9F33332,A2303,0,0,0,ALM00166
DISJUNTOR MOTOR 65A SCHNEIDER VE: 690V-50/60Hz uimp: 6KV,A2303,0,0,0,ALM00167
CHAVE SECCIONADORA COM BLOQUEIO EM 60947-3 LW30-63 300010 690V 50Hz,A2303,1,0,0,ALM01087
CHAVE PARA PLACAS COM INTERTRAVAMENTO ZQE 804 Pz.1,A2303,1,0,0,ALM01411
SENSOR PT 100 3FIOS 8 X 100MM C / CABO 700MM SILICONE,A2303,2,0,0,ALM01425
"SENSOR  PT100 3 FIOS 4,7 X 200MM, TAMPA BUCIM M12X1,5 C/ ANILHAS E CABO 3000MM",A2303,1,0,0,ALM01426
ESPELHO REFLETIVO PARA SENSOR SICK,A2304,3,0,0,ALM00141
MONITORADOR DE CORRENTE 716410 LUTZE LOCC-BOX-NT 7-6410 10A,A2304,6,0,0,ALM00168
CONTATO AUXILIAR DE POTÊNCIA TIPO-N SCHNEIDER - REF. 055192 VZ13,A2304,1,0,0,ALM00172
BOTÃO PULSADOR XB5AC51 AMARELO,A2304,4,0,0,ALM00173
MÓDULO DE SEGURANÇA P/ SIST. EMERGÊNCIA XPSAF5121 SCHNEIDER,A2304,1,0,0,ALM00174
"TERMOSTATO DE CONTATO IMIT TIPO TC2 LSC1 1750 - COD. 542470, T80 1K/MIN IP40 0-90°C TC2 LSC11750",A2304,1,0,0,ALM00175
MÓDULO DE SEGURANÇA P/ SIST. EMERGÊNCIA XPSAF5130 SCHNEIDER PREVENTA,A2304,1,0,0,ALM00176
CONTROLADOR DE TEMPERATURA 6001 RDR01 supply: 100..240vac/dc 50/60Hz GEFRAN,A2304,3,0,0,ALM00178
BOTÃO PULSADOR XB5AC21  PRETO,A2304,1,0,0,ALM00179
MÓDULO DE SEGURANÇA P/ SIST. EMERGÊNCIA SCHNEIDER PREVENTA  XPSAK311144,A2304,1,0,0,ALM00183
BOTAO SCHMERSAL CLP110 + CLP101 + PLACA EMERG,A2304,0,0,0,ALM01018
SINALEIRO SONORO VERMELHO 80d  Ref:SSA-22VM,A2304,0,0,0,ALM01308
CONTROLADOR GEFRAN SN: B20380053 CODE: 6001RDW20 SUPPLY 11..27Vac/dc 50/60Hz,A2304,0,0,0,ALM01333
CONTROLADOR DE TEMPERATURA HW7000LRR--A 24V (COEL),A2304,1,0,0,ALM01433
COMUTADOR COM CHAVE 2 POSIÇÃO PRETO 22mm - SLCG8D0C,A2305,0,0,0,ALM00180
SAIDA DO PONTO MODULAR TYPE:GRT1-0D8-1,A2305,2,0,0,ALM00181
"BOTOEIRA  C/ SINALIZAÇÃO AMARELO BHS - REF. TY-09C, 1NO Ø22MM BA9S VMAX 220V",A2305,3,0,0,ALM00182
"BOTOEIRA  C/ SINALIZAÇÃO VERMELHO BHS - REF. TY-11E, 1NC Ø22MM BA9S VMAX 220V",A2305,0,0,0,ALM00184
"BOTÃO DE EMERGÊNCIA - REF. ZB2-BE102C, 2NC (SCHNEIDER)",A2305,0,0,0,ALM00186
DISJUNTOR TRIPOLAR GV7-RE100  (SCHNEIDER) ,A2305,1,0,0,ALM00187
CABEÇA P/ BOTÃO DE EMERGÊNCIA  REF. 3SB3 000-1HA20 (SIEMENS),A2305,18,0,0,ALM00188
CONTACTOR TRIPOLAR 50A SCHNEIDER REF. LC1D50AP7,A2305,0,0,0,ALM00189
BOTOEIRA PULSANTE XA2EA21  PRETO,A2305,0,0,0,ALM00190
BOTAO SCHNEIDER 2BSA 5839,A2305,0,0,0,ALM00992
CHAVE SELETORA Plástica Manopla Curta Pos Fixas XA2ED21 WH18365515 SCHNEIDER,A2305,0,0,0,ALM00993
LUZ SONORA VERMELHA INDICADORA DE ALARME - AC/DC24V - REF. AD17-SM,A2305,1,0,0,ALM01223
"LUZ INDICADORA VERDE , CL-502G",A2305,0,0,0,ALM01225
"CHAVE SELETORA 10 POSIÇÕES - PN 201407022 , REF: CA10",A2305,4,0,0,ALM01234
CHAVE SELETORA MANOPLA CURTA 2NA 3P XA2ED33,A2305,5,0,0,ALM01280
CHAVE SELETORA MANOPLA CURTA 1NF 2  XA2ED25,A2305,2,0,0,ALM01281
"CARCAÇA PARA  INCERTO HAM 24 PINOS 1""",A2306,6,0,0,ALM00191
"CARCAÇA HAM 24 PINOS 1/2""",A2306,5,0,0,ALM01394
"CARCAÇA HAM 24 PINOS 3/4""",A2306,6,0,0,ALM01395
"CARCAÇA HAM 24 PINOS 3/4""",A2306,2,0,0,ALM01396
"CARCAÇA HAM 24 PINOS 3/4""",A2306,4,0,0,ALM01397
"CARCAÇA HAM 24 PINOS 3/4""",A2306,6,0,0,ALM01398
"CONJUNTO DE CARCAÇA HAM 24 PINOS 1""",A2306,2,0,0,ALM01399
"CONJUNTO DE CARCAÇA HAM 24 PINOS DE FIXAR 1""",A2306,10,0,0,ALM01400
CONTROLADOR DE TEMPERATURA ATR142,A2402,0,0,0,ALM00149
CONTROLADOR DE TEMPERATURA code: F000175 TYPE 4T-96-4-01-0 SUPPLY: 11..27Vac/dc 50/60Hz 11VA VERS.: FW 3.24 ,A2402,2,0,0,ALM00195
SENSOR DE POSIÇÃO  GEFRAN PY-2-C-075,A2402,2,0,0,ALM00196
RESISTENCIA DO COLEIRO COM HASTE DE 300MM 220V 700W 42/16 110471N,A2402,8,0,0,ALM00737
RESISTENCIA DO COLEIRO BACKEP MARA THON HR 37013T 240W 150W,A2402,2,0,0,ALM00738
SENSOR DE TEMPERATURA PT-100 2 FIOS C/ CABO BRANCO,A2402,1,0,0,ALM00739
CHAVE DE SEGURANÇA SCHMERSAL AZM 161CC-12/12RKA-024,A2403,3,0,0,ALM00197
CHAVE DE SEGURANÇA SCHMERSAL  AZ 16-02ZVK-M16,A2403,2,0,0,ALM00198
"DISJUNTOR MOTOR WEG MPW40-3-D063 1,6 - 2,5A",A2403,0,0,0,ALM00200
DISJUNTOR MOTOR WEG MPW40-3-U004 2.5-4A,A2403,0,0,0,ALM00201
DISJUNTOR MOTOR WEG MPW40-3-D063 10 - 16A,A2403,0,0,0,ALM00203
DISJUNTOR MOTOR WEG MPW40-3-D063 20-25A,A2403,0,0,0,ALM00204
CONTATOR CWB9-11-30D02 9A 24V 50/60Hz weg,A2403,2,0,0,ALM01337
CONTATOR CWB 10-11-30D02 18A ,A2403,0,0,0,ALM01403
DISJUNTOR STECK SDZ C10 400V 6000A,A2403,0,0,0,ALM01503
DISJUNTOR SCHNEIDER C16 3000 EZ9F33216,A2403,0,0,0,ALM01504
ACOPLAMENTO NEWKON 2P+T 16A -6H 200/250V AZ IP44 SETCK - REF. N3076 AZUL MACHO,A2404,0,0,0,ALM00091
ACOPLAMENTO DE FIXAR STECK  N4206 32A-6H/380-440V 3P+ VERMELHO FEMEA,A2404,3,0,0,ALM00199
ACOPLAMENTO STECK TLP16442 16A-9H 200-250V 3P+ VERMELHO MACHO,A2404,0,0,0,ALM00205
ACOPLAMENTO LUKMA 3P+T 16A 380/440V 6H VM N4076 VERMELHO MACHO,A2404,3,0,0,ALM00206
ACOPLAMENTO SOPRANO AZUL 32A-6H 220-240V,A2404,0,0,0,ALM00989
ACOPLAMENTO STECK N4276 32A-6H / 380-440V VERMELHO,A2404,0,0,0,ALM01010
DISJUNTOR MOTOR 3P 25A 2.5-4A REF: SLS2251C,A2405,0,0,0,ALM00032
INTERRUPTOR HORARIO CCT15720 IHP,A2405,9,0,0,ALM00207
SENSOR FIM DE CURSO 3SE5232-0HK80,A2405,1,0,0,ALM00208
DISJUNTOR MOTOR STECK SLS2252C - 3P 25A 20-25A,A2405,4,0,0,ALM01161
"DISJUNTOR-MOTOR  MPW18-3-D016 12429368 X1  1-1,6 A",A2405,0,0,0,ALM01306
CONTATO AUXILIAR C300 R300 2.5/240 V WEG CP420 - 89256-900,A2405,0,0,0,ALM01307
INCERTO HAM  24 PINOS FEMEA,A2406,8,0,0,ALM00192
INCERTO  HAM 24 PINOS MACHO,A2406,9,0,0,ALM00193
BOTÃO DE EMERGENCIA  SCHMERSAL MV-CLE2-40 REF:NO 51901933,A2406,19,0,0,ALM00434
INCERTO HAN 16 PINOS MACHO,A2406,0,0,0,ALM00920
TAMPA PARA HAN 10 PINOS ,A2406,10,0,0,ALM00921
HAN 10 PINOS FEMEA,A2406,1,0,0,ALM00923
BOTÃO DE EMERGÊNCIA COM TRAVA DE BLACKOUT VM CLE2 40,A2406,0,0,0,ALM01043
HAN 10 PINOS MACHO,A2406,0,0,0,ALM01401
HAN 6 PINOS MACHO,A2406,0,0,0,ALM01402
RODIZIO FIXO PLACA 514 UAS,AR MARIO LOGISTICA,0,0,0,ALM01344
RODIZIO FIXO PLACA FL 514 UFS 3/8 ZN,AR MARIO LOGISTICA,0,0,0,ALM01345
RODIZIO FIXO PLACA FM 52 UFS PADRÃO ZN,AR MARIO LOGISTICA,0,0,0,ALM01346
RODIZIO FIXO PLACA 82 UAS SOFT SUPER CAMADA,AR MARIO LOGISTICA,0,0,0,ALM01347
RODIZIO GIRATORIO PLACA 514 UAS C/ FREIO DUPLA AÇÃO,AR MARIO LOGISTICA,0,0,0,ALM01348
RODIZIO GIRATORIO PLACA GL 514 UFS 3/8 ZN DA,AR MARIO LOGISTICA,0,0,0,ALM01349
RODIZIO GIRATORIO PLACA GM 52 UFS PADRÃO ZN,AR MARIO LOGISTICA,0,0,0,ALM01350
RODIZIO FIXO PLACA 52 UAS SUPER CAMADA,AR MARIO LOGISTICA,0,0,0,ALM01351
RODIZIO FIXO PLACA 82 UAS SUPER CAMADA C/ FREIO PEDAL                             ,AR MARIO LOGISTICA,0,0,0,ALM01352
RODIZIO 82 UAS SUPER CAMADA                                                                                                    ,AR MARIO LOGISTICA,0,0,0,ALM01353
FITA ISOLANTE PARA/ ALTA TENSÃO SCOTCH 23 - AUTOFUSÃO 19MM X 10M,ARMARIO,25,0,0,ALM00002
FITA ISOLANTE PROFISSIONAL PRETA  / 19MM X 20M 33+,ARMARIO,37,0,0,ALM00003
SELO/REPARO EM NYLON DE ALTA PRESSÃO P/INTENSIFICADOR J5/HYPER SEAL ASSEMBLY 20422243 KMT,ARMARIO,7,0,0,ALM00154
ORING DA AGULHA DO GICLE,ARMARIO,0,0,0,ALM00517
VEDAÇÃO DOS GICLES 20X1,ARMARIO,0,0,0,ALM00518
VEDAÇÃO DOS GICLES  TIPO 1,ARMARIO,0,0,0,ALM00519
VEDAÇÃO DOS GICLES  TIPO 2,ARMARIO,0,0,0,ALM00520
VEDAÇÃO DOS GICLES S12,ARMARIO,0,0,0,ALM00521
SELO HIDRÁULICO DO CARTUCHO REPARO DO ÓLEO 05130091,ARMARIO,5,0,0,ALM00585
SAFIRA WATER JET  6 MM 003788-6,ARMARIO,34,0,0,ALM00644
SAFIRA WATER JET 8MM 003788-8,ARMARIO,10,0,0,ALM00645
REPARO DA CANETA W.J NC  NORMAL FECHADO VL05116025,ARMARIO,0,0,0,ALM00657
REPARO DA CANETA W.J NO NORMAL ABEERTO VL05116017,ARMARIO,2,0,0,ALM00660
LUBRIPLATE FML-2,ARMARIO,1,0,0,ALM00744
PURE GOOP,ARMARIO,5,0,0,ALM00745
FITA VEDA ROSCA 18mm X 25m,ARMARIO,50,0,0,ALM00770
MARCADOR INDUSTRIAL,ARMARIO,2,0,0,ALM00771
TRAVA ROSCA LOCTITE 243 50G - MÉDIA RESISTÊNCIA - 1344482,ARMARIO,0,0,0,ALM00772
COLA TERMICA TIGRE BISNAGA75g,ARMARIO,0,0,0,ALM00773
Desengripante Spray White Lub Super 300 ml,ARMARIO,31,0,0,ALM00835
VASELINA SPRAY 250ml ORBI-5315,ARMARIO,0,0,0,ALM00836
LUBRIFICANTE SECO GRAFITE SPRAY 300ml ORBI,ARMARIO,0,0,0,ALM00837
ADESIVO PARA JUNTAS DE MOTORES DISEL 75g ,ARMARIO,10,0,0,ALM00838
MASSA ADESIVA EPOXI DUREPOXI LOCTITE 100g,ARMARIO,0,0,0,ALM00839
SILICONE ASSEPTICO PROFISSIONAL 280g ,ARMARIO,11,0,0,ALM00840
LIMPA CONTATO SPRAY 7349  300ML WURTH,ARMARIO,33,0,0,ALM00842
CINTA 3T,ARMARIO,2,0,0,ALM00914
ANTE-RESPINGO SPRAY BASE H2O WURTH,ARMARIO,0,0,0,ALM01008
VAZILINA SPRAY,ARMARIO,0,0,0,ALM01023
KIT DE REPARO DA VALVULA LIGA/DESLIGA  010200-1  3063330000060,ARMARIO ,9,0,0,ALM01360
KIT DE REPARO P/UNIÃO ROTATIVA DA C-5152 E C-5155 FLOW B-7447-1  30633000 -0062,ARMARIO ,13,0,0,ALM01361
KIT REPARO DA VALVULA LIGA/DESLIGA VALVULA DE RETENÇÃO  015866-1-306330000063,ARMARIO ,0,0,0,ALM01362
CORPO DA VALVULA LIGA/DESLIGA BOCAL  10104-1 3063300000041,ARMARIO ,0,0,0,ALM01363
KIT RETENTORES P/ALTA PRESSÃO ATE 60K (KIT REPARO FLOW VALVULA DE RETENÇÃO  001198-1  KIT DE VEDAÇÃO DE ALTA),ARMARIO ,8,0,0,ALM01364
"ANEL ""O"" DE BUNA DE 0240 DE DI (ANEL O-RING, BUNA-N 70 DUR, NO. 2-240 FLOW A 275-240",ARMARIO ,2,0,0,ALM01365
RETENTOR (GAXETA DE VEDAÇÃO POLY PAK FLOW A-1001 306330000074,ARMARIO ,2,0,0,ALM01366
ANEL DE ENCOSTO DE PLYMITE ( ANEL BACKUP RING 60KSI FLOW  A-00250-240 3063300000011),ARMARIO ,1,0,0,ALM01367
EIXO CENTRAL DE ARTICULAÇÃO DA UNIÃO GIRATORIA B-7159-1 306330000048   TAIWAN 17100511,ARMARIO ,1,0,0,ALM01368
"RETENTOR C/ 7/8"" DE DIAMETRO INTERNO ( RETENTOR VEDAÇÃO DA HASTE A-11275 3063300000075)",ARMARIO ,2,0,0,ALM01369
VALVULA DE PREENCHIMENTO ZSF-40,ARMARIO ,1,0,0,ALM01370
KIT DE VEDAÇÃO P/ TAMPAO DO CILINDRO HYDRAULIKTEC PHK,ARMARIO ,1,0,0,ALM01444
"GAXETA V2 LONA 80X100X12,5X0",ARMARIO ,1,0,0,ALM01445
KIT REPARO PARA CEBEÇOTE 7000,ARMARIO ,1,0,0,ALM01446
AGULHA DE INJEÇÃO C/ LIMITADOR,ARMARIO ,1,0,0,ALM01447
"ABRAÇADEIRA DE AÇO INOX 1""",ARMARIO ,100,0,0,ALM01515
"ABRAÇADEIRA DE AÇO INOX 3/4""",ARMARIO ,99,0,0,ALM01516
CILINDRO DE GAS MAP PROPILENO NRC 260/325 M1003,ARMARIO ,4,0,0,ALM01518
MOLA COMPRESSAO - A-1606,ARMARIO ,4,2,8,ALM01549
GATILHO DE SAIDA - 5917-1 OUTLET POPPET TL-001016-1,ARMARIO ,4,2,8,ALM01550
ENCAIXE – INSERTO DO INTENSIFICADOR  004382-1 COUNTRYOF ORIGIN,ARMARIO ,4,2,8,ALM01551
"Abraçadeira de Nylon Branco View Tech 4,8 x 380mm 1",ARMARIO ,982,50,1000,ALM01563
"Abraçadeira Nylon 200 Mm X 2,5 Preta Thompson ",ARMARIO ,1000,50,1000,ALM01564
CONJUNTO BARREIRA DE LUZ SICK C400 GUEST (C46E-0403CT400) (C465-0403CT400),B1101,1,0,0,ALM00861
ESPELHO EMOLDURADO C/ SUPORTE 1770mm PARA CORTINA DE LUZ,B1101,0,0,0,ALM01251
LUMINARIA LED 500W IP66 45000 LED,B1102,2,0,0,ALM01150
REFLETOR LED 100-240V ,B1102,0,0,0,ALM01168
"MODULO DE FREIO SEW  13000063 Uin24V DC Ue 20...30V DC  I n 5,0A DC",B1103,0,0,0,ALM00001
ADAPTADOR DEVICENET SMARTSLICE 64POSITION 24V DC GRT1-DRT (OMRON),B1103,1,0,0,ALM00228
MODULO DE EXPANSÃO 3RK3211-1AA10,B1103,0,0,0,ALM00321
FONTE SIEMENS  6EP1 333 1LB00,B1103,2,0,0,ALM00323
RESOLVER SICK D-78166 SKM36S,B1103,0,0,0,ALM00906
CPU SIEMENS 6ES7 212-1HE40-0XB0 ,B1103,3,0,0,ALM01241
SCALANCE XB005 6GK5005-0BA00-1AB2,B1103,1,0,0,ALM01242
AC2459-Módulo As-i Compacto 4E / 4S P ,B1103,0,0,0,ALM01314
FONTE 13108206 PSS24-W/5 (WEG),B1104,2,0,0,ALM00301
FONTE BAE 0009 BAE OS-XA-3Y-24-200-007 24VDC 20A (BALLUFF),B1104,1,0,0,ALM00302
CERABAR code; PMP21-1R13/0 -1...100bar 0...100bar 4-20mA Ser.no.: s400d21516A,B1104,2,0,0,ALM00841
FONTE BAE 003 BAE OS-XA-1W-24-200-005 24VDC 20A (BALLUFF),B1104,2,0,0,ALM01101
COOLER AXIAL PARA PAINEL 220VAC TA20060HBL-2,B1105,0,0,0,ALM00307
GRADE DE PROTEÇÃO PARA COOLER,B1105,0,0,0,ALM00320
COOLER MODEL:NF 12038HP-24V (NEW FLOW),B1105,0,0,0,ALM01116
TORRE DE LED -24VDC-LARANJA/VERDE/VERMELHO - REF. TPTB7-24,B1105,1,0,0,ALM01224
VENTOINHA 63 PARA MOTOR,B1106,5,0,0,ALM00021
"COOLER 220VAC 60HZ 1.4W 0,10A , F2E - 1205 - 230",B1106,0,0,0,ALM00058
COOLER  MOD: KF0615H2SR-R JAMICON 24V----3.7W,B1106,0,0,0,ALM00441
COOLER LUKMA LK-08038SE 80X80X38 mm 110V/220V,B1106,2,0,0,ALM01508
"FILTRO LUKMA MICRO VENTILADORES 80/80mm cod, 29043",B1106,2,0,0,ALM01509
INVERSOR DE FREQUÊNCIA SIEMENS MICROMASTER 440 6SE6440-2UD31-8DB1,B1201,3,0,0,ALM00300
MODULO AMPLIFICADOR VT-MSPA 1-1-12/V010 (MNR:R900 70 2060) (REXROTH),B1202,1,0,0,ALM00217
MÓDULO AMPLIFICADOR VT- 11118-10 (MNR:R900211788)  (REXROTH),B1202,1,0,0,ALM00218
DISJUNTOR MODULAR TRIPOLAR NG 4P-125A-300mA-A NG125 19042,B1202,1,0,0,ALM00219
PLC SIEMENS  S7-1500 6ES7 511-1AK01-0AB0,B1202,1,0,0,ALM00221
TRANSMISSOR DE PASSAGEM 138802230012 (GM 8802C( A - 220223+4-20mA),B1202,1,0,0,ALM00222
DISJUNTOR MODULAR TRIPOLAR NG 4P-100A NG125N 18660 (SCHINEDER),B1202,1,0,0,ALM01113
MICRO FIM DE CURSO 5A 125 250V ~ 10T85 KW11-3Z,B1202,2,2,4,ALM01536
MÓDULO DE ENTRADA DIGITAL PROFISAFE 4/8F-DI DC24 SIEMENS SIMATIC ET200S 6ES7 138-4FA05-0AB0,B1203,1,0,0,ALM00223
MÓDULO DE SAÍDA DIGITAL PROFISAFE 4F-DO DC24V/2A SIEMENS SIMATIC ET-200 6ES7 138-4FB04-0AB0,B1203,1,0,0,ALM00224
MÓDULO TERMINAL SIEMENS SIMATIC ET200S 6ES7 193-4CE10-0AA0,B1203,1,0,0,ALM00225
MÓDULO DE ENTRADA DIGITAL 8 DI DC24 SIEMENS SIMATIC ET200S 6ES7 131-4BF00-0AA0,B1203,5,0,0,ALM00226
MÓDULO DE SAÍDAS DIGITAIL 8 DO DC24V/0.5A SIEMENS SIMATIC ET200S 6ES7 132-4BF00-0AA0,B1203,7,0,0,ALM00227
MÓDULO TERMINAL DP TM-E15C24-01 SIEMENS SIMATIC ET200S 6ES7 193-4CG30-0AA0,B1203,1,0,0,ALM00238
FONTE SCHMERSAL PSS-B24-120S 100-240V ac/2 codigo: 164224,B1203,0,0,0,ALM00322
MÓDULO DE ENTRADAS ANALÓGICAS 2 AI - I 4WIRE 1P 6ES7 134-4G B62-0AB0,B1203,3,0,0,ALM01114
FONTE XCSW 120C 24V/5A  23.5-27.5V CABUR,B1203,0,0,0,ALM01404
MÓDULO PROFIBUS MICROMASTER 4 SIEMENS - REF. 6SE6400-1PB00-0AA0,B1204,1,0,0,ALM00230
MÓDULO DE SAÍDAS ANALÓGICAS 2 AO VOLTAGE STANDARD SIEMENS SIMATIC ET200S 6ES7 135-4FB01-0AB0,B1204,0,0,0,ALM00231
MÓDULO DE ENTRADAS ANALÓGICAS 2 AI - 2WIRE STANDARD SIEMENS SIMATIC ET200S 6ES7 134-4GB01-0AB0,B1204,5,0,0,ALM00232
MÓDULO FONTE PM-E DC24V STANDARD SIEMENS SIMATIC ET200S 6ES7 138-4CA01-0AA0,B1204,6,0,0,ALM00233
PONTO DE ENTRADA DA UNIDADE PNP GRT1-ID8-1,B1204,4,0,0,ALM00234
"ENTRADA DO MODULO DE FORÇA  24VDC INPUT GRT1-PD2 MODULE, FEDD 1/0 POWER 24VDC INPUT",B1204,2,0,0,ALM00239
RELE DE SEGURANÇA SCHHMERSAL SRB 301MC-24V NAC,B1204,6,0,0,ALM00315
MODULO DE ENTRADA 6ES7 138-4CA00-0AA0,B1204,1,0,0,ALM01405
RELE DE SEGURANÇA EU 410-UM 3TS IDENTE: 6026136 (SICK),B1205,1,0,0,ALM00220
SOFTSTARTER SIEMENS 37KW AC200-480V 3RW4038-1BB04,B1205,0,0,0,ALM00235
MÓDULO INTERFACE IM 151-8F PN/DP CPU ET200S 6ES7 151-8FB01-0AB0 ( SIEMENS),B1205,1,0,0,ALM00237
MÓDULO TERMINAL SIEMENS SIMATIC ET200S - 6ES7 193-4CB30-0AA0,B1205,7,0,0,ALM00304
RELE DE SEGURANÇA FX3-XTI084002 IDENT:1044125 (SICK),B1205,1,0,0,ALM01016
SOFTSTARTER SIEMENS  3RW4024-1TB04 AC SEMICONDUCTOR MOTOR STARTER,B1205,0,0,0,ALM01334
SOFTSTARTER SIEMENS  3RW3028-1BB04,B1205,1,0,0,ALM01340
RELE DE SEGURANÇA FX3-CPU 320002 IDENT: 1059305 (SICK),B1205,2,0,0,ALM01406
RELE DE SEGURANÇA FX3-CPU000000 IDENT: 1043783,B1205,1,0,0,ALM01429
INVERSOR DE FREQUÊNCIA EM DRIVE FIT4P34-0150-5BFLS,B1301,2,0,0,ALM00216
INVERSOR DA UNIDADE DAS FASES DE ENTRADA SERIE MX2  3G3MX2- A4015-V1 (OMRON),B1302,1,0,0,ALM00185
INVERSOR DE FREQUÊNCIA SIEMENS MICROMASTER 440 6SE6440-2UD27-5CA1,B1302,2,0,0,ALM00242
INVERSOR DE FREQUÊNCIA SIEMENS MICROMASTER 420 6SE6420-2UD22-2BA1,B1302,1,0,0,ALM00243
INVERSOR DE FREQUÊNCIA EMK DRIVE FIT4P34-0185-5BFLS,B1303,2,0,0,ALM00308
"INVERSOR DE FREQUENCIA WEG CFW500A043T4NB20 380-480VAC 5,2A ",B1303,0,0,0,ALM00925
INVERSOR LENZE E84AVBDE2512SX0,B1303,1,0,0,ALM00943
INVERSOR SIEMENS SINAMICS V20 1P 6SL3210-5BE22-2UV0,B1303,1,0,0,ALM01324
"INVERSOR SCHNEIDER ATV312H075N4 0,75KW-1HP",B1303,1,0,0,ALM01431
BOTÃO DE PRESSÃO CABEÇA DUPLA XB5AW7A3740B5,B1304,0,0,0,ALM00023
CAIXA BOTOEIRA P/ BOTÃO DE COMANDO - MOD. LAY5-BOX1/W (LUKMA ELETRONIC),B1304,1,0,0,ALM00087
CAIXA PARA CONTROLE LIGA DESLIGA DE COMANDO SERIE CS-102,B1304,1,0,0,ALM00252
CAIXA DE PLASTICO PARA BOTOEIRA 4 BOTÕES 40X158,B1304,4,0,0,ALM00253
CHAVE DE SEGURANÇA PARA BLOQUEIO DE PORTA XCSTE7312,B1304,1,0,0,ALM00255
CAIXA DE DERIVAÇÃO ( PASSAGEM )  DUAS SAIDAS ZAG3 SKRINKA HLINIKOVA 98X,B1304,1,0,0,ALM00751
CAIXA DE DERIVAÇÃO ( PASSAGEM )  TRES SAIDAS ZAG4 SKRINKA HLINIKOVA 150X64X36,B1304,1,0,0,ALM00752
CAIXA DE PLASTICO PARA BOTOEIRA 3 BOTÕES,B1304,2,1,2,ALM01529
"CABO NOMINAL 1X2,5mm²",B1305,800,0,0,ALM00254
CABOS SIEMENS 6XV1840-2AH10,B1306,100,0,0,ALM00241
"CABO DE COMANDO 25X1,00mm²   500V  70°C",B1306,800,0,0,ALM00306
LAMPADA FLUORESCENTE PHILIPS TL5 ESSENTIAL 28X/840 4000K  28W ,B1401,75,0,0,ALM00112
LAMPADA FLUORESCENTE PHILIPS ESSENTIAL SUPER 80 4000K 14W,B1401,50,0,0,ALM00113
LAMPADA LED TUBE GLASS BASE TIP G13 9W,B1401,1,0,0,ALM00114
CABO MURR MSUD VALVE PLUG FORM A 18MM PVC 3X0.75 GRAY 24V AC/DC +- 25%/4A 10METROS,B1402,3,0,0,ALM00261
CABO MURR MSUD VALVE PLUG FORM A 18MM PVC 3X0.75 BLACK 24V AC/DC +- 25%/4A 5METROS,B1402,1,0,0,ALM00262
CABO COM CONECTOR RETO M18 7 PINOS FEMEA ,B1402,1,0,0,ALM00263
CABO COM CONECTOR RETO M22 7 PINOS FEMEA ,B1402,4,0,0,ALM00264
CABO 1PD 1100007 RAYCHEM H ,B1402,1,0,0,ALM01455
CABO COM CONECTOR RETO FEMEA M08 4 PINOS,B1403,9,0,0,ALM00296
CABO COM CONECTOR 90° FEMEA  M08 3 PINOS ,B1403,2,0,0,ALM00297
CABO COM CONECTOR 90° FEMEA M12 5 PINOS,B1403,0,0,0,ALM00298
CABO COM CONECTOR RETO FEMEA M12 5 PINOS ,B1403,4,0,0,ALM00299
CABO COM CONECTOR  RETO FEMEA M12 8 PINOS,B1403,0,0,0,ALM00379
CABO COM CONECTOR  RETO FEMEA M16 8 PINOS,B1403,2,0,0,ALM00985
CABO COM CONECTOR RETO FEMEA M12 12 PINOS,B1404,1,0,0,ALM00078
CABO COM CONECTOR RETO MACHO M12 12 PINOS,B1404,1,0,0,ALM00118
CABO COM CONECTOR RETO MACHO 2 LADOS M16 5 PINOS,B1404,2,0,0,ALM00151
CABO COM CONECTOR RETO MACHO 2 LADOS M16 7 PINOS,B1404,1,0,0,ALM00171
CABO PARA SENSOR  5 PINOS M12,B1404,0,0,0,ALM00259
CABO FESTO 193458 ES13,B1404,1,0,0,ALM01456
CABO COM CONECTOR RETO MACHO M08 3 PINOS ,B1404,3,0,0,ALM01457
"CABO CONECTOR SICK 2022547 10,0M 12 PINOS ",B1405,5,0,0,ALM00027
"CABO SEW 13354221.11/5,00 SN 1367146 ",B1405,3,0,0,ALM00194
CABO 3 VIAS 1MM ,B1405,40,0,0,ALM00258
CABOS DE CONTROLE CHAINFLEX CF77.UL.07.03.D  NUMERO DE CONDUTORES E SECÇÃO MM² 3G0.75,B1406,50,0,0,ALM00260
CABO PARA REDE ASI-I RUBBER 3RX9020-0AA00  (PRETO),B1406,100,0,0,ALM00316
CABO PARA REDE ASI-I RUBBER 3RX9010-0AA00  (AMARELO),B1406,100,0,0,ALM01467
BARREIRA DE LUZ SICK C4000 STANDARD C40E-0703CA010,B2101,1,0,0,ALM00347
BARREIRA DE LUZ SICK C4000 STANDARD C40E-0703CB010,B2101,1,1,2,ALM01526
SENSOR DE PRESENÇA SOBREPOR PAREDE MPS-40F ALCANCE 10M ÂNGULO 100 4min/1min/5seg TENÇÃO 220V,B2102,5,0,0,ALM01305
BOTÃO EMERGENCIA ABB DSQC679 3HAC028357-025  CE3T-10R-02,B2102,1,2,4,ALM01541
MEMBRANA KEYPAD FOR ABB ROBOT IRC5 FLEXPENDANT DSQC679 3HAC028357-02,B2102,0,2,4,ALM01542
CONTACTOR LC1E95M7 120A  45KW,B2103,1,0,0,ALM00244
CHAVE SIEMENS 3SE5322-0SD21 IEC/EM 60947-5-1 AC15 240V 3A 1P 66/67,B2103,1,0,0,ALM01169
CHAVE SICK D-79183 2N/C 1N/O BBM M20 I17-SA213 IDENT. NO. 602567,B2103,1,0,0,ALM01170
CONTACTOR LC1E80M7 110A 37KW,B2103,0,0,0,ALM01213
CHAVE DE SEGURANÇA SCHMERSAL AZ16-12ZVRK-M16,B2103,2,0,0,ALM01214
PHOENIX CONTACT D-32823 BLOMBERG CB TM1 2A M1 P 2800848,B2103,4,0,0,ALM01310
ATUADOR PARA CHAVE DE SEGURANÇA SIEMENS 3SE5 000-0AV05,B2103,1,0,0,ALM01458
CONTACTOR  LC1 D6511 8KW 80A,B2103,1,0,0,ALM01459
CONECTOR SINDAL 10MM DE PORCELANA,B2104,30,0,0,ALM01272
SINALIZADOR GIROFLEX JNG LTE-1122 220V VERMELHO ,B2104,2,0,0,ALM01311
PRESSOSTATOS FESTO SPAW-P100R G12M-2P-M12 8022757 K8 P110BEWNI 0...100bar Ub: 15...35V max. 600mA ,B2104,1,0,0,ALM01315
"MODULO E/S DIGITAL SM323 DO16 24VDC/0,5A  6ES73231BL000AA0",B2104,1,0,0,ALM01317
MODULO SAIDA DIGITAL S7 SM322 DO16   6ES73221BH010AA0,B2104,1,0,0,ALM01318
CHAVE FIM DE CURSO ROTATIVA GENEBRE ,B2104,3,0,0,ALM01326
CHAVE MOELLER NZM1,B2104,1,0,0,ALM01460
CLP COMPLETO  6ES7 151-8FB01-0AB0 ,B2105,1,0,0,ALM01461
MODULO DE EXPANSÃO POWER SUPPLY 12-24VDC 10W SELV 850MA,B2105,1,0,0,ALM01462
SUPORTE PARA SENSOR MANFROTTO 244 D2255341,B2105,1,0,0,ALM01463
PLACA DA CELULA DE CARGA CS018-03-5,B2105,1,0,0,ALM01464
BARREIRA SICK C4P-SA18031A00,B2201,1,0,0,ALM01532
BARREIRA SICK C4P-EA18031C00,B2201,1,0,0,ALM01533
SUPORTE SICK BEF-1SHABS004,B2202,2,0,0,ALM01534
"SYSTEM PLUG SP1, M12-8 W/O",B2202,2,0,0,ALM01535
PRESSOSTATO PARKER SCPSD-250-14-15 Range: 0... 250bar 0... 3626 PSI 30VDC,B2203,2,0,0,ALM01480
PRESSOSTATO PARKER SCPSD-400-14-15 Range: 0... 400bar 0... 3626 PSI 30VDC,B2203,2,0,0,ALM01483
CORREIA DENTADA HTD 339-3M-10MM  (EIXO 5),B2203,1,2,4,ALM01545
CORREIA DENTADA HTD SH 20 106 10MM  (EIXO6),B2203,2,2,4,ALM01546
VALVULA THERMOSTATIC VALVE AVTA 15 Size: G 1/2  Range:+ 25/+65°C Max. Water press.: + 16bar  Cap.tube: 2m Max. Sensor temp: 90°C,B2203,1,1,3,ALM01554
TRILHO PARA REGUA DE BORNE,B2302,3,0,0,ALM01252
BARREIRA SCHMERSAL SLC 440COM-ER-0890-30 890mm,B2401,10,0,0,ALM00341
"CABO FLEX PRETO 20X1,5MM",B2402,0,0,0,ALM00317
CABO  PARA SENSOR PILZ 5333130,B2402,0,0,0,ALM00340
CABO PARA SENSOR  3HAC72361,B2402,0,0,0,ALM00342
CABO COM PLUG FESTO KMF1-24-10-LED,B2402,0,0,0,ALM00343
"CABO SILICONE 02,50MM ALTA TEMPERATURA",B2403,100,0,0,ALM01479
"CABO FLEX UNIPOLAR  1,5MM² -  BOBINA 100M CAIXA COM 100M CABO FLEX 1,5MM² AZ LAPP KABEL",B2404,0,0,0,ALM00075
CABO FLEX UNIPOLAR AZUL 1MM² -  BOBINA 100M CABO FLEX 1MM³ LA LAPP KABEL,B2404,0,0,0,ALM00076
CABO FLEX UNIPOLAR AZUL+BRANCO 1MM² - LAPP KABEL - BOBINA 100M CABO FLEX 1MM³ AZ+BR LAPP KABEL,B2404,0,0,0,ALM00077
"CABO FLEX PRETO 2,5MM",B2404,0,0,0,ALM00318
CABO FLEX AZUL 4 MM,B2404,0,0,0,ALM00319
MOTOR ELETRICO V230-50HZ - NBR500-1,BOX,1,0,0,ALM01060
MOTOR ELETRICO MOV FACA 5.5 KW 5500W B5,BOX,1,0,0,ALM01061
"MOTOR ELET. ELEVAÇÃO CILINDRO KW0,25 4 P",BOX,0,0,0,ALM01078
"MOTOR ELETRICO  0,25 KW 250 KW 4 POLES B",BOX,0,0,0,ALM01079
MOTOR AJUSTE FACA 0.18 KW 4 POLOS B14,BOX,0,0,0,ALM01080
MOTOR ELÉTRICO FRENO CC 230V. SBR440-1,BOX,1,0,0,ALM01081
TUBOS INOX 304L SEM COSTURA ASTM A-269 8MM X PAREDE 1MM C/ 6MTS,BOX,6,0,0,ALM01412
TUBOS INOX 304L SEM COSTURA ASTM A-269 10MM X PAREDE 1MM C/ 6MTS,BOX,6,0,0,ALM01413
TUBOS INOX 304L SEM COSTURA ASTM A-269 12MM X PAREDE 1MM C/ 6MTS,BOX,6,0,0,ALM01414
CILINDRO PNEUMATICO DNCB-40-80-PPV-A,C1101,1,0,0,ALM00268
CILINDRO PNEUMATICO 32-600,C1101,0,0,0,ALM00269
CILINDRO PADRÃO DE DUPLA AÇÃO - REF. DNCB-40-80-PPV-A / COD. 532740 (FESTO),C1102,0,0,0,ALM00791
GARRA MACIA TIPO VENTOSA COM ARMACAO DE AÇO REMOVIVEL F153 COM CONEXÃO FEMEAO PVC E FILTRO DE TELA PAA PROTEÇÃO REF> PRCT153 1/2 PIAB B75,C1102,5,2,10,ALM01553
VALVULA PNEUMATICA  3/2 VIAS COM 1 BOBINA 24V,C1103,0,0,0,ALM00257
VALVULA PNEUMATICA 3/2 VIAS COM 2 BOBINA 220V,C1103,4,0,0,ALM00351
VALVULA PNEUMATICA 2/2 VIAS COM 2 BOBINA 220V,C1103,5,0,0,ALM00352
VALVULA PNEUMATICA 1/2 VIAS COM 1 BOBINA 24V,C1103,0,0,0,ALM00443
VALVULA PNEUMATICA 3/2 VIAS COM PILOTO MOLA,C1103,0,0,0,ALM00600
VALVULA PNEUMATICA 3/2 VIAS COM 2 PILOTOS  MOLA 1/4,C1103,2,0,0,ALM00601
VALVULA PNEUMATICA 3/2 VIAS COM 2 BOBINA 24V,C1103,4,0,0,ALM00758
VALVULA PNEUMATICA 3/2 VIAS COM ENCAIXE LATERAL COM BOBINA 220V,C1103,2,0,0,ALM01240
VALVULA PNEUMATICA 2/1 VIAS 1 BOBINA 24V,C1104,2,0,0,ALM00265
VALVULA PNEUMATICA 3/2 VIAS 1 BOBINA 24V 1/8,C1104,3,0,0,ALM00150
KIT REPARO DO CILINDRO PNEUMATICO DSBC/G-32,C1104,1,0,0,ALM00337
KIT CILINDRO FESTO ADN-50-P-A,C1104,5,0,0,ALM00344
VALVULA PNEUMATICA 3/2 VIAS COM DUPLO ACIONAMENTO MOLA 1/2 ,C1104,1,0,0,ALM00643
KIT VEDAÇÃO DO CILINDRO FESTO ADN-50-P-A MAT.-NO.: 673625 SERIES: MD 14,C1104,5,0,0,ALM01343
VALVULA PNEUMATICA VSNB-F-M52-M G14-P2,C1104,1,0,0,ALM01465
VALVULA SOLENOIDE 5/2 VIAS COM BOBINA 24VDC,C1104,4,2,4,ALM01552
CILINDRO PNEUMATICO 40-50 ADN,C1105,0,0,0,ALM00350
CILINDRO COMPACTO ADVU-63-100-P-A COM ROSCA EXTERNA NA HASTE,C1105,1,0,0,ALM00353
CILINDRO PNEUMATICO ADVU-63-50-P-A,C1105,2,0,0,ALM00444
CILINDRO PNEUMATICO ADVU 63-40-P-A,C1105,0,0,0,ALM00445
CILINDRO PNEUMATICO MOD:DSN25X125-S (FERGE),C1105,3,0,0,ALM01129
CILINDRO COMPACTO CURSO 40MM FESTO - REF. ADVU-25-40-P-A / COD 156528,C1105,8,0,0,ALM01131
CILINDRO COMPACTO MACHO 50-80,C1105,0,0,0,ALM01309
CILINDRO FESTO ADN-32-100-A-PPS-A PMAX. 10BAR,C1105,2,0,0,ALM01336
CILINDRO ADN-50-50-A-P-A-00050,C1105,2,0,0,ALM01499
CILINDRO ADN-40-40-I-P-A,C1105,1,0,0,ALM01501
CILINDRO  CWP-040714SE0-0015,C1105,1,0,0,ALM01502
PISTOLA DE AR COMPRIMIDO PARA LIMPEZA COM BICO LATÃO,C1106,17,0,0,ALM01099
"MANGUEIRA PNEUMATICA TUBO ASPIRAL 08,00X05,X03,50M AZUL PU",C1106,20,0,0,ALM01100
"AGITADOR PNEUMATICO  1HP com eixo 1/2"" MSD",C1201,2,0,0,ALM00266
"VALVULA DIAFRAGMA 3/4"" COM BOBINA 24V DC",C1203,0,0,0,ALM00362
"VALVULA DIAFRAGMA 1"" COM BOBINA 24V DC",C1203,0,0,0,ALM00363
"VALVULA DIAFRAGMA 1/2"" COM BOBINA 24V DC",C1203,0,0,0,ALM00386
"VALVULA DIAFRAGMA 1/4"" COM BOBINA 24V DC",C1203,1,0,0,ALM00393
"VALVULA DIAFRAGMA 3/8"" CO BOBINA 24V DC",C1203,3,0,0,ALM00750
VALVULA YHS-10 10BAR,C1204,4,0,0,ALM00270
"VALVULA FESTO MFH-3-1/2""",C1204,1,0,0,ALM00272
VALVULA PAINEL FRONTAL SV-5-M5-B,C1204,2,0,0,ALM00325
PARAFUSADEIRA TIPO EMBREAGEM PUMA-AT-4054,C1204,0,0,0,ALM00335
VALVULA OW1-5132-0121C,C1204,3,0,0,ALM00774
ATUADOR PNEUMÁTICO DUPLA AÇÃO GNP 44,C1205,1,0,0,ALM00274
ATUADOR PNEUMATICO MODELO: RP75DA 10BAR,C1205,0,0,0,ALM00983
ATUADOR PNEUMATICO MODELO: GNP-44 8BAR,C1205,3,0,0,ALM01044
ATUADOR PNEUMATICO MODELO: AT201U EM ISSO 5211: F05+F07-N-17DS,C1205,2,0,0,ALM01440
"ATUADOR PNEUMATICO COM VALVULA DE ESFERA 1""",C1206,1,0,0,ALM01130
"ATUADOR PNEUMATICO COM VALVULA DE ESFERA 3/4""",C1206,4,0,0,ALM01320
"ATUADOR PNEUMATICO COM VALVULA DE ESFERA 1/2""",C1206,1,2,4,ALM01466
CAPA DE MALHA P/ ROBO BRANCO,C1301,12,0,0,ALM00102
DOTU DE AR EM PASTICO,C1301,25,0,0,ALM01356
CONEXÃO PNEUMATICA TIPO CRUZETA 4mm,C1302,14,0,0,ALM00278
CONEXÃO PNEUMATICA TIPO CRUZETA 8mm,C1302,23,0,0,ALM00281
CONEXÃO PNEUMATICA TIPO CRUZETA 6mm,C1302,4,0,0,ALM00282
CONEXÃO PNEUMATICA TIPO T 8mm,C1302,0,0,0,ALM00284
CONEXÃO PNEUMATICA TIPO T 10mm,C1302,3,0,0,ALM00290
CONEXÃO PNEUMATICO TIPO T 6mm,C1302,23,0,0,ALM00295
CONEXÃO PNEUMÁTICA 90° 12mm,C1302,20,0,0,ALM00338
CONEXÃO PNEUMÁTICA TIPO T 12mm,C1302,2,0,0,ALM00364
CONEXÃO PNEUMÁTICA 90° 6mm,C1302,30,0,0,ALM00367
CONEXÃO PNEUMÁTICA 90° 8mm,C1302,19,0,0,ALM00371
CONEXÃO PNEUMÁTICA TIPO CRUZETA 10mm,C1302,14,0,0,ALM00373
CONEXÃO PNEUMÁTICA TIPO T 4mm X 4 mm,C1302,20,0,0,ALM01143
CONEXÃO PNEUMÁTICA 90° 10mm,C1302,20,0,0,ALM01145
CONEXÃO PNEUMÁTICA 90° 4mm ,C1302,0,0,0,ALM01146
CONEXÃO PNEUMÁTICA TIPO CRUZETA 12mm,C1302,0,0,0,ALM01236
CONEXÃO PNEUMÁTICA TIPO REDUÇÃO 12mm X 10mm,C1303,23,0,0,ALM00279
CONEXÃO PNEUMÁTICA  8mm X 8mm ,C1303,28,0,0,ALM00280
CONEXÃO PNEUMÁTICA TIPO REDUÇÃO 8mm X 6mm,C1303,0,0,0,ALM00283
CONEXÃO PNEUMÁTICA 12mm X 12mm,C1303,28,0,0,ALM00285
CONEXÃO PNEUMÁTICA TIPO REDUÇÃO 10mm X 6 mm,C1303,2,0,0,ALM00286
CONEXÃO PNEUMÁTICA  6mm X 6mm,C1303,8,0,0,ALM00287
CONEXÃO PNEUMÁTICA 4mm X 4 mm,C1303,14,0,0,ALM00288
CONEXÃO PNEUMÁTICA TIPO REDUÇÃO 12mm X 8mm,C1303,0,0,0,ALM00289
CONEXÃO PNEUMÁTICA 10mm X 10mm,C1303,12,0,0,ALM00291
CONEXÃO PNEUMÁTICA TIPO REDUÇÃO 6mm x 4mm,C1303,18,0,0,ALM00292
CONEXÃO PNEUMÁTICA TIPO REDUÇÃO 8mm X 4mm,C1303,10,0,0,ALM00293
CONEXÃO PNEUMÁTICA TIPO REDUÇÃO 10mm X 8mm,C1303,2,0,0,ALM00294
"CONEXÃO PNEUMATICA 12mm  COM ROSCA 3/4""",C1304,21,0,0,ALM00275
"CONEXÃO PNEUMATICA  12mm COM ROSCA 1/4""",C1304,21,0,0,ALM00276
"CONEXÃO PNEUMATICA  12mm  COM ROSCA 1/2""",C1304,26,0,0,ALM00277
"CONEXÃO PNEUMÁTICA  10mm COM ROSCA 3/4""",C1304,1,0,0,ALM00366
"CONEXÃO PNEUMÁTICA 10mm COM ROSCA 1/4""",C1304,0,0,0,ALM00368
"CONEXÃO PNEUTÁTICA 10mm COM ROSCA 1/2""",C1304,8,0,0,ALM00369
"CONEXÃO PNEUMÁTICA 8mm COM ROSCA 3/4""",C1304,0,0,0,ALM00370
"CONEXÃO PNEUMÁTICA 8mm COM ROSCA 1/4""",C1304,12,0,0,ALM00372
"CONEXÃO PNEUMÁTICA 8mm COM ROSCA 1/2""",C1304,0,0,0,ALM00374
"CONEXÃO PNEUMÁTICA 6mm COM ROSCA 1/4""",C1304,25,0,0,ALM00375
"CONEXÃO PNEUMÁTICA 6mm COM ROSCA 1/2""",C1304,20,0,0,ALM00377
"CONEXÃO PNEUMÁTICA 4mm COM ROSCA 1/4""",C1304,30,0,0,ALM00378
"CONEXÃO PNEUMÁTICA 4mm COM ROSCA 3/4""",C1304,18,0,0,ALM01144
"CONEXÃO PNEUMÁTICA 12mm COM ROSCA 1/8""",C1305,0,0,0,ALM01147
"CONEXÃO PNEUMÁTICA 10mm COM ROSCA 1/8""",C1305,3,0,0,ALM01321
"CONEXÃO PNEUMÁTICA 8mm COM ROSCA 1/8""",C1305,0,0,0,ALM01468
"CONEXÃO PNEUMÁTICA 6mm COM ROSCA 1/8""",C1305,38,0,0,ALM01469
"CONEXÃO PNEUMÁTICA 4mm COM ROSCA 1/8""",C1305,36,0,0,ALM01470
CONEXÃO PNEUMÁTICA 12mm DIVERSAS,C1305,20,0,0,ALM01471
CONEXÃO PNEUMÁTICA 10mm DIVERSAS,C1305,20,0,0,ALM01472
CONEXÃO PNEUMÁTICA 8mm DIVERSAS,C1305,20,0,0,ALM01473
CONEXÃO PNEUMÁTICA 6mm DIVERSAS,C1305,20,0,0,ALM01474
CONEXÃO PNEUMÁTICA 4mm DIVERSAS,C1305,20,0,0,ALM01475
CONEXÃO PNEUMÁTICA TIPO T COM ROSCA DIVERSAS,C1306,30,0,0,ALM01476
CONEXÃO PNEUMÁTICA DIVERSAS ,C1306,30,0,0,ALM01477
SILENCIADOR PNEUMATICOS DIVERSOS,C1306,13,0,0,ALM01478
ELEMENTO FILTRANTE HYDAC 0280 D 010 ON,C1401,1,0,0,ALM00471
ELEMENTO FILTRANTE W.F PN: LP49834716,C1401,3,0,0,ALM00580
"CARCAÇA BIG BLUE VAZÃO ATE 3.000 LITROS/HORA DIMENSÕES EXTERNA DA CARCAÇA: ALTURA 300mm, LARGURA 110mm ENTRADA E SAIDA 3/4""",C1401,2,2,5,ALM01562
ELEMENTO FILTRANTE PP 0.2 U D2 5X10,C1402,0,0,0,ALM00756
FILTRO DE VACOU 3/4 ASSEMBLY MOD: 3116652 (PPSF.75-X35) PIAB,C1402,1,0,0,ALM01151
ELEMENTO DO FILTRO ASSEMBLY MOD: 3116674 PIAB,C1402,1,0,0,ALM01152
ELEMENTO FILTRANTE PP 10 U D2 5X10,C1402,3,0,0,ALM01375
ELEMENTO FILTRANTE PP 20 U D2 5X10,C1402,4,0,0,ALM01376
ELEMENTO FILTRANTE PP 05 U D2 5X10,C1402,3,0,0,ALM01377
ELEMENTO FILTRANTE PP 50 U D2 5X10,C1402,4,0,0,ALM01378
ELEMENTO FILTRANTE REXROTH R928006809 ,C1403,3,0,0,ALM00376
ELEMENTO FILTRANTE HYDAC 0330 R 020 ON,C1403,1,0,0,ALM00479
ELEMENTO FILTRANTE HYDAC 0160 R 010 BN4HC,C1403,2,0,0,ALM00482
ELEMENTO FILTRANTE REXROTH R928006863,C1403,1,0,0,ALM00483
ELEMENTO FILTRANTE HYDAC 0240 D 010 ON,C1403,1,0,0,ALM00485
ELEMENTO FILTRANTE HYDAC 0160 DN 010 BN4HC,C1403,2,0,0,ALM00490
ELEMENTO FILTRANTE REXROTH R928006872,C1403,2,0,0,ALM01484
ELEMENTO FILTRANTE HYDAC 0330 R 010 ON,C1403,1,0,0,ALM01485
ELEMENTO FILTRANTE  NEWTEC HR18010PH,C1404,2,0,0,ALM00383
ELEMENTO FILTRANTE HYDAC 0060 R 010 ON,C1404,3,0,0,ALM00391
ELEMENTO FILTRANTE HYDAC 0165 R 010 BN4HC,C1404,4,0,0,ALM00394
ELEMENTO FILTRANTE NEWTEC FHP528820ABS,C1404,1,0,0,ALM00484
ELEMENTO  FILTRANTE QNQ2 ID 5770,C1404,1,0,0,ALM00909
"ELEMENTO FILTRANTE SHB-0965 HIDRAULICO R 1"" X 12 UNF ",C1404,1,0,0,ALM01136
ELEMENTO FILTRANTE HYDAC 0500 R 010 ON,C1404,2,0,0,ALM01486
ELEMENTO FILTRANTE HRT06010 PH,C1404,1,0,0,ALM01487
ELEMENTO FILTRANTE NEWTEC BR 760 10 AH,C1405,5,0,0,ALM00390
ELEMENTO FILTRANTE HYDAC 0500 R 010 BN4HC,C1405,0,0,0,ALM00395
ELEMENTO FILTRANTE HYDAC 0250 DN 010 BN4HC,C1405,4,0,0,ALM00474
ELEMENTO FILTRANTE HYDAC 0160 D 010 ON,C1405,0,0,0,ALM00478
ELEMENTO FILTRANTE HYDAC 0330 R 010 BN4HC,C1405,0,0,0,ALM00489
FILTRO W.J PART : 05049689,C1405,1,0,0,ALM00571
ELEMENTO FILTRANTE HYDAC 0660 R 010 BN4HC,C1406,1,0,0,ALM00488
ELEMENTO FILTRANTE HYDAC N5DM002,C1406,1,0,0,ALM01488
ELEMENTO FILTRANTE HYDAC 0160 RN 010 BN4HC,C1406,4,0,0,ALM01489
ELEMENTO FILTRANTE HYDAC 0660 R 010 ON,C1406,3,0,0,ALM01490
ELEMENTO FILTRANTE HYDAC  0160 RN 006 BN4HC,C1406,1,2,6,ALM01524
CILINDRO PNEUMATICO REF: DSBC-100-500 PPV-A-KP E943,C2101,1,0,0,ALM00597
VALVULA HIDRAULICA REXROTH REF: H-4WEH 25 E68/6EG24N9K40M0G24,C2102,2,0,0,ALM00598
VALVULA HIDRAULICA REXROTH REF:61/350G24K4V,C2103,1,0,0,ALM00599
VALVULA HIDRAULICA PARKER REF: D1VW004KNJWT91,C2103,1,0,0,ALM00670
VALVULA HIDRAULICA REGULAGEM REXROTH REF: DBD56K1C/315,C2103,2,0,0,ALM00678
VALVULA HIDRAULICA SIMPLES SOLENOIDE RETORNO POR MOLA 4/3 VIAS DSG-03-2B2-D24-N1-50,C2103,0,0,0,ALM00682
VALVULA HIDRAULICA REGULAGEM REF: RBACKAN 1EG4,C2103,2,0,0,ALM00684
VALVULA HIDRAULICA VISTA REF: V 4WE6D6X/OEG24NZ5L,C2103,1,0,0,ALM00685
VALVULA HIDRAULICA YUKEN DIRECIONAL REF: DSG-1-2B8-D24-N-50L,C2103,3,0,0,ALM00686
VALVULA HIDRAULICA AGT REF: 4WE10-D-30,C2103,2,0,0,ALM00687
VALVULA HIDRAULICA DSG-01-3C2-D24-N1- YUKEN -N.C.M 8481.20.90 DSG-01-3C2-D24-N1,C2103,0,0,0,ALM00794
VALVULA HIDRAULICA D1SE30 BNJW  PARKER,C2104,7,0,0,ALM00680
VALVULA HIDRAULICA PARKER REF: D1VW001ENJW,C2104,1,0,0,ALM00689
VALVULA HIDRAULICA REXROTH REF: ZDR 6 DP2-43/210YM,C2104,2,0,0,ALM00742
VALVULA HIDRAULICA REXROTH REF: DR 6 DP2-53/75YM,C2104,2,0,0,ALM01162
VALVULA HIDRAULICA REXROTH REF: 4WE6H61/EG24N9K4,C2104,1,0,0,ALM01312
VALVULA HIDRAULICA PRE-APERADA TN 22 REF: H-4WEH22V14/6EG24N9ETKB14 (BLOCO HIDRAULICO REXROTH 4WE - 22V14-766EG24 N9 MNR R9/8027115),C2105,1,0,0,ALM01357
VALVULA HIDRAULICA REXROTH REF: H-4WEH 16 U10B72/6EG24K4QM0G24,C2105,2,0,0,ALM01449
VALVULA HIDRAULICA PARKER REF: D91FCZ31HC2NKOL10XG262,C2105,1,0,0,ALM01492
BEXIGA PARA ACUMULADOR DE PRESSÃO BLADDER NXQ-A-6.3/31.5-L-Y,C2201,0,0,0,ALM00746
FOLE COMPACTO PNEUMÁTICO WBZ 500 ECO MAX:0-8bar TEMP RANJE -40ºC -50ºC (MAX+70ºC) (WEFORMA),C2201,1,0,0,ALM01127
CONJUNTO DE VALVULA HIDRAULICA DKZOR-AE-171-L5 10 ATOS  E-RI-AE-05F 10,C2202,1,1,2,ALM01556
VALVULA HIDRAULICA REXROTH REF: M-35ED 6 CK13/35OCG24N9K4,C2203,1,0,0,ALM00246
VALVULA HIDRAULICA WANDFLUH REF: SIS45V - G24,C2203,2,0,0,ALM00248
VALVULA HIDRAULICA BOSCH REF: 0 811 004 100,C2203,3,0,0,ALM00249
VALVULA HIDRAULICA CONTROL STAR REF: 200161 (N.F),C2203,3,0,0,ALM00594
VALVULA HIDRAULICA HUADE REF: 4WE 10 D31B/CG24N9Z4,C2203,2,0,0,ALM00662
BLOCO HIDRAULICO REXROTH 0E15000 300 5500,C2203,2,0,0,ALM00676
BLOCO HIDRAULICO REXROTH 0C1009012 R900990630,C2203,2,0,0,ALM00734
VALULA PNEUMATICA DSG-01-3C2-D24-N1 YUKEN-N.C.M 8481.20.90 DSG-01-3C2-D24-N1,C2204,2,0,0,ALM00548
CONJUNTO INJETORA CANNON VALVULA 3/8 COM SOLENOIDE Z17383CA0 (PARKER),C2204,0,0,0,ALM00731
BLOCO DENISON C1C08 18 A1 A12 POO TOO 526 59804 0 0113776,C2204,2,0,0,ALM00769
VALVULA HIDRAULICA HUADE REF: 4WE6D61B/CG24N9Z5L,C2205,2,0,0,ALM00251
VALVULA PNEUMATICA PARA OLEO TERMICO ,C2206,3,0,0,ALM01163
"FILTRO REG 1"" COD: XAW5000-10",C2401,1,0,0,ALM00384
DOSADOR D3RE 3000,C2401,0,0,0,ALM00912
"FILTRO REG 1/2"" COD: 322C3223C2",C2402,1,0,0,ALM00385
FILTRO REG REF: 16bar /230 PS1 / 1.6 MPA MAX:60°C / 140°F,C2402,2,0,0,ALM00387
"FILTRO REG REF: XOR-1/2"" - MIDI",C2402,1,0,0,ALM00389
FILTRO REG REF: CR 303 - 12,C2402,2,0,0,ALM00428
FILTRO REG REF: BFC-4000,C2402,1,0,0,ALM00435
"FILTRO REG REF: 1/2"" C/ MONOMETRO REF-9044",C2402,1,0,0,ALM00475
FILTRO REG REF: AC4010-04,C2402,2,0,0,ALM00480
FILTRO REG REF: PAW 4000-04,C2402,2,0,0,ALM00481
REGULADOR  REF: AR20-FO2BE-B,C2402,0,0,0,ALM00486
FILTRO REF: SAM G450-EL,C2402,1,0,0,ALM00487
FILTRO DE ISO HOP 6406 74 MICRAS NEWTEC,C2402,0,0,0,ALM00802
LUBRIFIL COM REGULADOR DE PRESSÃO E ÓLEO BFC4000 41-140F° MAX PRESS - 135psi,C2403,0,0,0,ALM00388
FILTRO HIDRAULICO NEWTC HP70PB074TON,C2403,0,0,0,ALM00607
FILTRO MSD AZUL,C2403,1,0,0,ALM00723
UNIDADE DE SERVIÇO COMBINADA P/ TRATAMENTO DE AR  - REF. MSB6-1/2-FC7:J3M1  (FESTO),C2403,2,1,2,ALM01537
COPO PARA FILTRO HYDAC RFM BN/HC 330 BF10E 1.0/-G,C2404,1,0,0,ALM01193
ELEMENTO FILTRANTE 0007 L 003 P,C2404,10,0,0,ALM01211
FILTRO DE AR 80 130 H 10XL,C2405,3,4,8,ALM01525
MANGUEIRA TERMOPLASTICA  3/8' 2500MM,CAIXA,10,0,0,ALM00880
MANGUEIRA HIDRAULICA 1/4  2M BSP,CAIXA,9,0,0,ALM00881
"MANGUEIRA HIDRAULICA 1000MM   1/4""  3250PSI",CAIXA,0,0,0,ALM00882
MANGUEIRA 3/4 ALMA DE ACO ,CAIXA,3,0,0,ALM00883
"MANGUEIRA PARA AGUA 3/4""",CAIXA,40,0,0,ALM00884
MANGUEIRA HIDRAULICA 1 POL 2390 PSI 500MM,CAIXA,0,0,0,ALM00885
MANGUEIRA HIDRAULICA 3/4 3100PSI 800MM ,CAIXA,0,0,0,ALM00886
"MANGUEIRA PARA AGUA 1""",CAIXA,0,0,0,ALM00903
SITEMA D-76187 Typ Type: KR 80 ID: kr 080 30 serial No. 105020  Gewicht Weight 57 Admissible load: 133 KN Operating pressure MIN 40bar MAX 250bar,CAIXA,1,0,0,ALM01454
"REGUA COM ROLAMENTO PARA TROCA RAPIDA Roll bar with hydraulic. Increase R. A. T.-Article No. 58292 8.1834.5150 - L=1600mm

",CORREDOR 1,0,0,0,ALM00030
SISTEMA X PARA CABEAMENTO CONTROLADOR POR NIVEL,CORREDOR 1,0,0,0,ALM00031
CORREIA ARMALON 2410 MED. 1500X9110MM COM PINOS GUIAS,CORREDOR 2,1,0,0,ALM00155
TEFLON ALTA TEMPERATURA ADESIVADO  Lençol armalon® C/Ade,CORREDOR 2,10,0,0,ALM00667
TEFLON PARA ALTA TEMPERATURA SEM ADESIVO Lençol armalon® Sem/Ade,CORREDOR 2,20,0,0,ALM00668
PAPEL JUNTA 2MM,CORREDOR 3,0.2,0,0,ALM00691
PAPEL JUNTA 1MM,CORREDOR 3,0.2,0,0,ALM00692
"PAPEL JUNTA 0,5MM",CORREDOR 3,0,0,0,ALM00693
JUNTA BORRACHA RCK 70 40X65 VULCANIZADA,CORREDOR 3,1,0,0,ALM01073
JUNTA TRANSMISÃO MOTOVARIO H062U,CORREDOR 3,1,0,0,ALM01074
FILTRO DO EXAUSTOR COLEPO,CORREDOR 4,1,0,0,ALM00381
CILINDRO HIDRAULICO TELESCÓPIO (1° ESTÁGIO 90X50MM / 2° ESTÁGIO 110X80MM),CORREDOR 4,2,0,0,ALM01184
AQUECEDOR PARA AGUA (MAPRE),CORREDOR 5,0,0,0,ALM00846
SERPENTINA DE REFRIGERAÇÃO - REF: 0332243,CORREDOR 6,0,0,0,ALM01259
ESTEIRA PORTA CABOS FB.370.75.175,D1101,1,0,0,ALM00965
TROCADOR DE CALOR DE PLACAS 5M³ - REF. BL95B-54D,D1101,0,1,2,ALM01230
TROCADOR DE CALOR DE PLACAS 3M³ - REF. BL95B-32D,D1101,0,1,2,ALM01231
EIXO DO QUADRO DE GIRO,D1102,3,0,0,ALM00467
BUCHA FERRAMENTA TETO,D1102,42,0,0,ALM00468
PINO FERRAMENTA TETO,D1102,22,0,0,ALM00469
"FLANGER ROSCADO 1"" ANSI B16.5 300LBS",D1102,7,0,0,ALM00962
"TIRANTE B-1000-2
",D1102,2,2,6,ALM01539
"PORCA PLASTICA DE PARADA DE 3/4"" A-1000",D1102,4,4,8,ALM01540
LIXA D'AGUA 2000,D1103,102,0,0,ALM00673
LIXA D'AGUA 600,D1103,8,0,0,ALM01000
TROCADOR DE CALOR DE PLACAS - HYDAC - HEX 5610 1 - NCM 8419.50.10,D1103,1,1,3,ALM01555
ENGATE RAPIDO STANYL -400,D1104,0,0,0,ALM00915
LIXA D'AGUA A80,D1104,17,0,0,ALM00998
LIXA D'AGUA 220,D1104,34,0,0,ALM00999
"LIXA D´AGUA 1,200",D1104,125,0,0,ALM01037
LIXA D´AGUA 320,D1104,5,0,0,ALM01038
LIXA D'AGUA 180,D1104,144,0,0,ALM01209
TAMPA DE ROLAMENTO PFL-203 BRM,D1105,10,0,0,ALM00531
ROLAMENTO LINEAR BARRA/ROSCA PMI S4-16000376-20 1RS0-10T6-FSIN-106-9RF S15010329,D1105,2,2,8,ALM00940
ROLAMENTO ESFERA 62206 2 RS 30X62X20,D1105,0,0,0,ALM01063
ROLAMENTO NATR5PP 300122,D1105,7,0,0,ALM01135
ROLAMENTO UC 210 HT2 V22,D1105,3,0,0,ALM01149
BITS Nº 2X50mm S2 PH2,D1105,7,0,0,ALM01165
BITS T-20,D1105,6,0,0,ALM01166
SUPORTE PARA O BITS T-20,D1105,0,0,0,ALM01167
ROLAMENTO Y208 V22,D1105,4,0,0,ALM01210
PINO GUIA DA FERRAMENTA DO TUNNEL,D1105,2,0,0,ALM01323
GUIA LINEAR THOMSON REF: 411N30B0,D1105,1,2,8,ALM01543
ROLAMENTO  LINEAR MNR: R165171420 (2º OPÇÃO),D1105,8,2,8,ALM01544
GUIA LINEAR THOMSON REF: 411N25EO,D1106,2,2,8,ALM00593
ROLAMENTO MNR: R103863020 Rexroth ,D1106,6,0,0,ALM00722
MOLA DE COMPRESSAO DIN.20 X 120 X FIO 10 CHATO PASSO 10 BASE RETA ,D1106,8,0,0,ALM00927
ROLAMENTO LINEAR 411N30F0 (THOMSON),D1106,10,2,8,ALM01142
BUCHA  RCK70 40X65,D1106,2,0,0,ALM01245
ROLAMENTOS 2205 2RS,D1106,8,0,0,ALM01355
GUIA LINEAR THOMSON REF: 411N20A0,D1106,4,2,8,ALM01451
"Rolamento DRS 85642 é a SKF, o número de referência na SKF é 22215EK. BLINDADO",D1106,1,0,0,ALM01513
GARRA DO CARPETE UTE 05,D1202,0,0,0,ALM00437
"SELO MECÂNICO PARA EIXO 1"" INPACOM",D1202,2,0,0,ALM00451
SELO MECANICO TIPO MOLAS MULTIPLAS - DS 22 MM FACES CARVAO x SEDE CR-NI x VEDACOES EM CHEMRAZ 1150 RPM x 7 M3 / H x 3 BAR x 2 CST x 250ºC,D1202,3,0,0,ALM00560
BOMBA DE AGUA REF: PA0301HHCDN0034 9P2,D1202,3,0,0,ALM00570
"SELO MECANICO TS-P 1"" VITON",D1202,5,0,0,ALM00572
"SELO MECANICO TS-D 1 3/8""",D1202,5,0,0,ALM00984
BOMBA BARMAG 6 CM 1502924,D1204,3,0,0,ALM00330
KIT REPARO DA BOMBA DE COLA,D1204,10,0,0,ALM00472
KIT REPARO DA BOMBA DE ATIVADOR,D1204,10,0,0,ALM00473
"BOMBA BARMAG 0,6CM 1710958",D1204,2,0,0,ALM01227
"Escova Cilíndrica em Base PP 30mm x Furo do Eixo 12mm x Em Cerdas de Nylon 0,50mm  -  Ø Total 100mm x Comprimento 30mm",D1204,0,0,0,ALM01304
KIT VED.P/CIL. REPARO ESPECIAL-VITON OC:3479 COD- 22 EXACTCONTROL,D1204,2,1,4,ALM01559
"KIT COMPLET, ESFERA, ASSENTO, DIAFRAGMA TEFLON BOMBA HUSKY 515/716 3/4 E 1/2-2061",D1204,1,1,2,ALM01560
KIT PRENSA EPILA (M15/M16),D1205,1,0,0,ALM00331
KIT PRENSA EPILA (M21),D1205,1,0,0,ALM00332
KIT PRENSA EPILA FCE001896/T,D1205,1,0,0,ALM00333
KIT PRENSA EPILA FCE 001 898/T,D1205,1,0,0,ALM01098
REGUA BALLUFF BTL027U BTL5-E10-M0500-P-532,D1301,1,0,0,ALM01237
"JUNÇÃO EM PVC 25 X 3/4""",D1302,11,0,0,ALM00688
CURVA R-CURTO 90° SOLDAVEL PVC 25MM,D1302,21,0,0,ALM00930
"UNIAO L/R 25X3/4"" PVC ",D1302,3,0,0,ALM00931
T SOLDAVEL PVC 25MM ,D1302,2,0,0,ALM00932
VALVULA ESFERICA MANUAL SOLDAVEL PVC 25MM,D1302,0,0,0,ALM00933
T PVC AMANCO DN 42 NBR 15884,D1302,2,0,0,ALM00976
"NIPLE PVC ROSQUEADO  ROSCA2""",D1302,2,0,0,ALM00977
"CURVA R-CURTO 90° ROSQUEADA PVC 2""",D1302,2,0,0,ALM00978
PRESSOSTATO K53P,D1303,1,0,0,ALM00326
VALVULA ESCAPE RAPIDO Q2000-01,D1303,4,0,0,ALM00329
PRESSOSTATO HED80A1X/350K14KW,D1303,2,0,0,ALM00595
VALVULA ESCAPE RAPIDO MOD: QE-04,D1303,2,0,0,ALM00596
VALVULA REDUTORA DE PRESSÃO GENEBRE REF: 3318 04,D1303,1,0,0,ALM00602
VALVULA FESTO ESCAPE RAPIDO REF: SE-1/2-B 9688,D1303,1,0,0,ALM00683
PRESSOSTATO MOD: JC-OS-02L-3 AC250V-3A DC24V/20mA,D1303,1,0,0,ALM01325
"VALVULA DE RETENÇÃO 1/2"" MODELO: KA6012 (WERK-SCHOTT)",D1303,1,1,4,ALM01538
"VALVULA ESFERICA PARA ATUADOR 1""",D1304,3,0,0,ALM00603
VALVULA ESFERICA 3VIAS PARA ATUADOR  REF: GE3G GT53011A000,D1304,1,0,0,ALM00604
REGULADOR DE PRESSÃO WHITE MARTINS REF: R-81 ACETILENO,D1304,4,0,0,ALM00605
PRESSOSTATO PNEUMATICO HLP110,D1304,10,0,0,ALM00690
BUCHA CENTRALIZADORA NORELEM- REF.03154-235020 / COD. RAT 64340,D1304,0,0,0,ALM01246
BUCHA CENTRALIZADORA NORELEM- REF.03154-235040 / COD. RAT 64436,D1304,0,0,0,ALM01247
KIT PRENSA (M19),D1305,1,0,0,ALM00609
KIT PRENSA FCE001897/T,D1305,1,0,0,ALM00679
TRAVA QUEDA 10M MOD: VIC29061P ,D1305,1,0,0,ALM00681
REGUA DE NIVEL REF: EASS10110950,D1401,1,0,0,ALM00620
RÉGUA DE NIVEL INJETORA CHINESA 912076155605,D1401,1,0,0,ALM00808
"FILTRO Y 2"" CW617N",D1402,2,0,0,ALM00392
REGISTRO HIDRAULICO SW14,D1402,36,0,0,ALM00612
REGISTRO HIDRAULICO DN25 PN350,D1402,0,0,0,ALM00613
"VALVULA ESFERA 1,1/2""",D1402,8,0,0,ALM00614
"VALVULA ESFERA 2""",D1402,0,0,0,ALM00615
ENGATE RAPIDO PINO 15/16,D1403,2,0,0,ALM00617
ENGATE RAPIDO P/ ÓLEO TERMICO MACHO  21919DUB33W,D1403,0,0,0,ALM00630
ENGATE RAPIDO P/ ÓLEO TERMICO FEMEA BYR,D1403,1,0,0,ALM00631
ENGATE RAPIDO PINO 1/2' LUBE,D1403,3,0,0,ALM00632
ENGATE RAPIDO PINO STANYL-STH-400,D1403,1,0,0,ALM00633
"ENGATE RAPIDO FEMEA 1/2"" LUBE",D1403,2,0,0,ALM00634
CONJUNTO ENGATE RAPIDO 19/2,D1403,2,0,0,ALM00635
"CONJUNTO ENGATE RAPIDO 3/4""",D1403,3,0,0,ALM00636
ENGATE RAPIDO ESPIGÃO,D1403,6,0,0,ALM00637
"VALVULA ESFERICA DN 15 1/2""",D1403,3,0,0,ALM00715
"CONJUNTO ENGATE RAPIDO 1/2""",D1403,7,0,0,ALM00716
"ENGATE RAPIDO 1/2"" PINO",D1403,6,0,0,ALM00717
CONJUNTO ENGATE RAPIDO PCL 6501-12B,D1403,10,0,0,ALM00719
TORNEIRA EM PVC DE JARDIN,D1403,1,0,0,ALM00730
LUVA PVC 25,D1403,3,0,0,ALM01040
"REDUÇÃO LUVA  25 X ROSCA 3/4""",D1403,26,0,0,ALM01255
ENGATE RAPIDO MACHO DN19,D1404,59,0,0,ALM01270
ENGATE RAPIDO FEMEA DN19,D1404,2,0,0,ALM01295
ENGATE RAPIDO (CONJ. CORPO+PINO) OLEO HIDRAULICO,D1404,3,0,0,ALM01514
"ENGATE RAPIDO FACE PLANA (ALTA PRESSÃO) DE 1/2"" NPT - NCM 8481.80.96",D1405,2,0,0,ALM01342
TRANSFORMADOR RM153027 BATE PE,D1406,1,0,0,ALM00729
ROLAMENTO 6908,D2102,14,0,0,ALM00436
ROLAMENTO PERN IFOLLI  GC35 EE M AK ,D2102,26,0,0,ALM00452
ROLAMENTO COMBINADO 40.055/AP1,D2102,4,0,0,ALM00460
ROLAMENTO RÍGIDO DE ESFERA 6010 2Z (NSK),D2102,11,0,0,ALM00463
ROLAMENTO AUTOCOMPENSADOR DE ESFERA 2207 2RS/1 (SKF),D2102,9,0,0,ALM00465
ROLAMENTO AUTOCOMPENSADOR DE ESFERA 2208 E-2RS1TN9 (SKF),D2102,24,0,0,ALM00561
ROLAMENTO PERNI FOLLI GC 35,D2102,21,0,0,ALM01123
ROLAMENTO JAPAN CF168UUR,D2102,6,0,0,ALM01124
ROLAMENTO RÍGIDO DE ESFERA 61903-2RS1 (SKF),D2103,3,0,0,ALM00447
ROLAMENTO RÍGIDO DE ESFERA 6203-2Z (SKF),D2103,4,0,0,ALM00448
ROLAMENTO DE ESFERA 3204Z (MAK),D2103,2,0,0,ALM00449
ROLAMENTO RÍGIDO DE ESFERA 6003-2Z C3GJN,D2103,6,0,0,ALM00450
ROLAMENTO 6300,D2103,12,0,0,ALM00538
ROLAMENTO RÍGIDO DE ESFERA 6005-2z (SKF),D2103,13,0,0,ALM00550
ROLAMENTO 6201,D2103,11,0,0,ALM00551
ROLAMENTO RÍGIDO DE ESFERA 6304 (SKF),D2103,15,0,0,ALM00552
ROLAMENTO AUTOCOMPENSADOR DE ESFERA 1204K C3,D2103,4,0,0,ALM00553
ROLAMENTO RÍGIDO DE ESFERA 62305-2RS1 (SKF),D2103,5,0,0,ALM00554
ROLAMENTO 5205 (SKF),D2103,6,0,0,ALM00556
ROLAMENTO 30209 (FRM),D2103,4,0,0,ALM00557
ROLAMENTO 6007 (SKF),D2103,14,0,0,ALM00559
ROLAMENTO RIGIDO DE ESFERA  6202-2Z,D2103,0,0,0,ALM00968
ROLAMENTO 6203,D2103,0,0,0,ALM00987
ROLAMENTO 6903 2RS,D2103,12,0,0,ALM00997
ROLAMENTO R6Z,D2103,6,0,0,ALM01004
ROLAMENTO 6903 2RS,D2103,12,0,0,ALM01330
ROLAMENTO 3205 ,D2104,4,0,0,ALM00425
ROLAMENTO RÍGIDO DE ESFERA 6207 (FAG),D2104,11,0,0,ALM00426
ROLAMENTO 6902 (NSK),D2104,0,0,0,ALM00453
ROLAMENTO RÍGIDO DE ESFERA 6011 (NSK),D2104,2,0,0,ALM00454
ROLAMENTO RÍGIDO DE ESFERA 6004 (FAG),D2104,0,0,0,ALM00456
ROLAMENTO (6306),D2104,8,0,0,ALM00457
ROLAMENTO RÍGIDO DE ESFERA 6006 2Z (FAG),D2104,16,0,0,ALM00458
ROLAMENTO RÍGIDO DE ESFERA 6206 (NSK),D2104,4,0,0,ALM00459
ROLAMENTO RÍGIDO DE ESFERA 6008 DDU (NSK),D2104,17,0,0,ALM00461
ROLAMENTO (RL59),D2104,5,0,0,ALM00462
ROLAMENTO RÍGIDO DE ESFERA 6303 (NSK),D2104,11,0,0,ALM00464
ROLAMENTO 6002,D2104,0,0,0,ALM00539
ROLAMENTO 6204,D2104,13,0,0,ALM00540
ROLAMENTO RÍGIDO DE ESFERA 16004 (SKF),D2104,16,0,0,ALM00544
ROLAMENTO RÍGIDO DE ESFERA 6009DDU (SKF),D2104,7,0,0,ALM00558
ROLAMENTO 6303,D2104,11,0,0,ALM00913
ROLAMENTO RIGIDO DE ESFERA 6902D NSK ,D2104,35,0,0,ALM00947
ROLAMENTO PEE 6082KSP-V2,D2104,0,0,0,ALM00996
ROLAMENTO ESFERA 6210 2 RS 50X90X20,D2104,6,0,0,ALM01062
ROLAMENTO 608-2RSP,D2104,12,0,0,ALM01125
ROLAMENTO NUP 306 EWL3,D2104,2,0,0,ALM01160
ROLAMENTO RLS9ZZ,D2104,10,0,0,ALM01293
ROLAMENTO RKY52,D2105,2,0,0,ALM00427
ROLAMENTO DE ESFERAS 62206,D2105,14,0,0,ALM00429
ROLAMENTO SB203 (BRM),D2105,7,0,0,ALM00545
ROLAMENTO SB202-10 (BRM),D2105,3,0,0,ALM00546
ROLAMENTO UC207 (F&D),D2105,1,0,0,ALM00547
ROLAMENTO UC203 (POWELL),D2105,6,0,0,ALM00549
ROLAMENTO UC205,D2105,8,0,0,ALM00664
ROLAMENTO 6208,D2105,4,0,0,ALM00665
ROLAMENTO UC202,D2105,5,0,0,ALM01164
ROLAMENTO SA207,D2106,7,0,0,ALM00523
ROLAMENTO 6307 C3,D2106,1,0,0,ALM00541
ROLAMENTO 6305,D2106,5,0,0,ALM00542
ROLAMENTO 6205,D2106,8,0,0,ALM00543
ROLAMENTO UK210,D2106,4,0,0,ALM00562
ROLAMENTO 5805,D2106,4,0,0,ALM00663
ROLAMENTO  LINEAR MNR: R162379420,D2106,5,2,8,ALM00788
ROLAMENTO AGULHA NK 20/20,D2106,1,0,0,ALM00911
ROLAMENTO MOD:2208 STB ,D2106,2,0,0,ALM01132
"SERPENTINA PARA EIXO 2 (NEW COIL AXIS 2 FOR FILTER LINE 1/4"" COIL 16000) PN 305313 KMT WJ (DSR)",D2201,0,0,0,ALM00567
SERPENTINA PARA EIXO 1 (SPIRE AXIS 1 ROBOT IRB 1600 COIL) PN 304415 KMT WJ  (DSR),D2201,0,0,0,ALM00568
SERPENTINA PARA EIXO 3 (SPIRE AXIS 3 ROBOT IRB 1600 COIL) PN 304297 KMT WJ  (DSR),D2201,1,0,0,ALM00569
SERPENTINA PARA EIXO 4-6 ( SPIRE AXIS 4-6 ROBOT IRB 1600 COIL) PN 304436 KMT WJ  (DSR),D2201,0,0,0,ALM00638
ASSENTO BLOCO DE CANETA VL10178697,D2202,13,0,0,ALM00639
ATUADOR  VL10187250,D2202,7,0,0,ALM00640
BLOCO DA CANETA VL1018918,D2202,0,0,0,ALM00641
VALVULA DE COLA 7337C03 EVOLUT DRS,D2202,2,0,0,ALM00642
CABEÇA DE VEDAÇÃO DO INTENSIFICADOR  / CHECK VALVE 20481009,D2203,0,0,0,ALM00582
POPPET PIN W.J  05116751,D2203,23,0,0,ALM00586
PINO RETENTOR W.J  20474391,D2203,0,0,0,ALM00587
MOLA DE COMPRESSÃO W.J SP05147863,D2203,18,0,0,ALM00589
CANETA WATER JET PN:10138444 / SN:6513068,D2203,5,0,0,ALM00590
POPPET RETAINER SCREW 20474391,D2203,14,0,0,ALM00591
"FILTRO DE ALTA PRESSÃO DO ROBO W.J FL05110531  1/4""",D2203,39,0,0,ALM00646
ANILHA ROSQUEADA PARA EMENDA DE SERPENTINA ALC 40-316 (DSR),D2203,6,0,0,ALM00647
REPARO DO INTENSIFICADOR PN: SL 05112768,D2203,0,0,0,ALM00648
ANILHA DA SERPENTINA FLOW A0792-1 W.J  (DSR),D2203,2,0,0,ALM00649
PULVERIZADOR DE PORCELANA PARA O INTENSIFICADOR .05119151,D2203,3,0,0,ALM00650
VALVULA DE ALTA PRESSÃO,D2203,3,0,0,ALM00651
"VALVULA SEU 1/8""",D2203,10,0,0,ALM00653
ANNEL DE RETENÇÃO W.J PN: SL5034798,D2203,18,0,0,ALM00658
VALVULA DE DESCARGA W.J 05116561 DRS,D2203,9,0,0,ALM00659
LUVA PARA SERPENTINA  1/4 FLOW A0780-1 W.J (DSR),D2203,5,0,0,ALM00661
"ANILHA PARA SERPENTINA FTACL40 COLLAR 1/4"" ",D2203,15,0,0,ALM00910
ASSENTO BLOCO DE CANETA VL 10188233,D2203,3,0,0,ALM00948
"ANILHA DA SERPENTINA 1/4"" KGL40 314AE",D2203,0,0,0,ALM00970
BLOCO TEE KMT 10078590,D2204,2,0,0,ALM00584
BOCAL DA CANETA W.J PN: MISB2341,D2204,7,0,0,ALM00588
SENSOR DE POSIÇÃO CILINDRO 871D-BW2N524-N3,D2204,3,0,0,ALM00654
MOLA DO ATUADOR DA CANETA .05054119,D2204,12,0,0,ALM00655
BLOCO KMT 10078525 W00079581,D2204,3,0,0,ALM00656
BLOCO DA CANETA TEE:60 KSI;3/8IN G2003,D2204,2,0,0,ALM00929
CILINDRO DE ALTA PRESSÃO (FLAUTA/LINER-HP CYLINDER) EM INOX 20497767,D2205,1,0,0,ALM00583
CILINDRO DE ALTA PRESSÃO (FLAUTA/LINER-HP CYLINDER) EM LATÃO,D2205,2,0,0,ALM01090
CILINDRO DE ALTA PRESSÃO (FLAUTA/LINER-HP CYLINDER) EM PLASTICO 20497767,D2205,2,0,0,ALM01316
ROLAMENTO 6209,D2206,6,0,0,ALM00666
ESCAPE RAPIDO MOD: REV-3,D2302,4,0,0,ALM00669
VALVULA REXROTH R900919723,D2302,3,0,0,ALM00672
VALVULA REXROTH R900912549,D2302,2,0,0,ALM00674
VALVULA REXROTH R900912531,D2302,1,0,0,ALM00675
"ESCAPE RAPIDO MOD: 1/8"" WERR COD-10288",D2302,3,0,0,ALM00677
ESCAPE RAPIDO MOD:QE-01,D2302,1,0,0,ALM00694
ESCAPE RAPIDO MOD: 618E,D2302,2,0,0,ALM01186
ANTIVIBRATÓRIO COXIM 3/8,D2302,3,3,6,ALM01557
AMORTECEDOR MOLA GAS 150N,D2303,8,0,0,ALM00336
AMORTECEDOR MOLA GAS 900N MG10 220 0542 0900J (RUBIGRUN),D2303,3,0,0,ALM00961
AMORTECEDOR MOLA GAS 250N,D2304,3,0,0,ALM00094
"BALANCIM HSB-1 (300-1200G), Carbografite 012343612",D2304,2,0,0,ALM00273
AMORTECEDOR MOLA GAS 1250N MG06 159 0422 1250K,D2304,3,0,0,ALM00954
AMORTECEDOR MOLA GAS  F1 - 300N   MG07 200 0500 0300P,D2305,2,0,0,ALM01408
REGUA DE NIVEL BALLUFF BTL20C3 BTL7-A501-M1500-P-S32,D2401,2,0,0,ALM00104
REISISTENCIA (M02),D2401,2,0,0,ALM00105
"VALVULA  ESFERA 3/8"" PN 25",D2402,9,0,0,ALM00592
"VALVULA ESFERA 1,1/4""",D2402,0,0,0,ALM00616
"VALVULA ESFERA 1""",D2402,2,0,0,ALM00618
"VALVULA ESFERA 3/4""",D2402,1,0,0,ALM00619
"VALVULA ESFERA 1/4""",D2402,0,0,0,ALM00623
"VALVULA ESFERA TRIPARTIDA  1/2""",D2402,0,0,0,ALM00671
REGISTRO ESFERA P/ ÓLEO TERMICO TRIPARTDA 3/4',D2402,1,0,0,ALM00695
"VALVULA DE RETENÇÃO 1/2""",D2402,0,0,0,ALM00696
"VALVULA GLOBO  2""",D2402,1,0,0,ALM00757
"REGISTRO ESF. FEMEA 3/4"" PAS PLENA ",D2402,4,0,0,ALM01301
ESPIGÃO FIXO P/MANG (1/2X1/2) MACHO LUBE ,D2403,0,0,0,ALM00625
"ESPIGÃO ROSCA 1,1/2"" MANG 1""",D2403,0,0,0,ALM00626
"ESPIGÃO ROSCA  1,1/4 MANG 1,1/8""",D2403,0,0,0,ALM00627
"ESPIGÃO ROSCA 1"" MANG 1""",D2403,0,0,0,ALM00628
"ESPIGÃO ROSCA 1"" MANG 3/4""",D2403,0,0,0,ALM00629
"VALVULA DE RETENÇÃO  1/4"" S6A11",D2403,4,0,0,ALM00697
"VALVULA DE RETENÇÃO  P/ ÁGUA 1/2""",D2403,0,0,0,ALM00698
"VALVULA DE RETENÇÃO 1"" PARA AGUA",D2403,0,0,0,ALM00699
"VALVULA DE RETENÇÃO 1""",D2403,0,0,0,ALM00700
"VALVULA DE RETENÇÃO 3/8"" BSP",D2403,1,0,0,ALM00702
PARAFUSOS SEXTAVADO ROSCA TOTAL M20 X 100 DUREZA 8.8,D2403,26,0,0,ALM00789
"ESPIGÃO ROSCA 3/4 MANG 3/4"" 3/4 X 3/4""",D2404,26,0,0,ALM00704
"ESPIGÃO ROSCA DE 1/2 MANG DE 1/2"" X 1/2""",D2404,0,0,0,ALM00705
"ESPIGÃO ROSCA DE 1/2 MANG 3/4"" 1/2 X 3/4""",D2404,19,0,0,ALM00706
PRISIONEIRO NORMA DIN,D2404,6,0,0,ALM00707
"ESPPIGÃO REOSCA 1/4 MANG 1/4""",D2404,9,0,0,ALM00708
"ESPIGÃO ROSCA 3/8 MANG 1/4""",D2404,2,0,0,ALM00709
"ESPIGÃO ROSCA DE 1/2"" MANG 1/4""",D2404,9,0,0,ALM00710
"ESSPIGÃO ROSCA 3/4 MANG 1/2""",D2404,8,0,0,ALM00711
"ESPIGÃO PARA MANG DE 3/4""",D2404,0,0,0,ALM00712
"ESPIGÃO ROSCA 3/4"" MANG 1""",D2404,5,0,0,ALM00713
BICO ESPIGÃO 3/8,D2404,4,0,0,ALM00916
SUPORTE PARA NIVELAMENTO,D2405,4,0,0,ALM00714
BOMBA DIAFRAGMAN GRACCO HUSKY 716 AIR-OPERATED,E1101,1,0,0,ALM00904
CILINDRO DOT-39 NRC 260/325 M1003,E1101,1,0,0,ALM00991
"CORDÃO DE GAXETA 12,7mm 1/2"" 2KG",E1102,1,0,0,ALM01322
REDUTOR ECHTOP MS711-4,E1103,2,0,0,ALM00907
FITA AUTO ADESIVA 3MM X 50MM X 20M VIDOFLEX (ISOLAMENTO),E1103,0,0,0,ALM01009
Bomba De Refrigeração Asten  CD:30921  NS:2002951  450W  Ip/In 4.17/3.87 FP 0.83/0.87  NBR 7094,E1103,1,0,0,ALM01285
MOTOR BALDOR 35A012Q223G1,E1104,6,0,0,ALM00966
CONJUNTO SUPORTE PARA FIXAR CABEÇOTE DA GANTRY,E1105,1,0,0,ALM00536
CILINDRO HIDRAULICA ATOS MOD:CK-63/42* 0200-N062-HW-B1,E1105,1,0,0,ALM00720
CILINDRO HIDRAULICO MOD; w32flncsf 2x80,E1105,1,0,0,ALM00990
REDUTOR DAS CALANDRAS MODRL: T3A 633-4 VOLT(V) 220/380 FREQ.(Hz) 60 POWER(kw) 0.25 ,E1106,6,0,0,ALM00608
LAMINA MAQ. DE CORTE HORIZONTAL 9494X60X06,E1201,10,0,0,ALM00442
RETENTOR 50X72X12,E1202,3,0,0,ALM00409
RETENTOR 14X22X7,E1202,6,0,0,ALM00430
RETENTOR 24X35X6,E1202,2,0,0,ALM00431
RETENTOR 50X60X10,E1202,1,0,0,ALM00476
RETENTOR 28X47X7,E1202,1,0,0,ALM00529
RETENTOR 60X85.1X12.7,E1202,8,0,0,ALM00530
RETENTOR 30X42X7,E1202,13,0,0,ALM00576
ORING 12X2mm 910XX049 (VALCO MELTON),E1202,0,0,0,ALM01048
"RETENTOR LATA 33,7X47,6X9",E1202,9,0,0,ALM01153
JUNTA BPAIL ENCAPSULADA TEFLON 240X20 (VALCO MELTON),E1202,2,0,0,ALM01198
RETENTOR SAV 10280 90-130-12 2,E1202,0,0,0,ALM01482
RETENTOR 40X50X4,E1203,0,0,0,ALM00396
RETENTOR 40X62X7,E1203,4,0,0,ALM00402
RETENTOR 25X46X7,E1203,8,0,0,ALM00404
RETENTOR 25X47X10,E1203,7,0,0,ALM00410
RETENTOR 54X90X12,E1203,8,0,0,ALM00411
RETENTOR 60X85X8,E1203,10,0,0,ALM00412
RETENTOR 45X62X10,E1203,42,0,0,ALM00414
RETENTOR 40X56X10,E1203,8,0,0,ALM00423
RETENTOR 40X50X6,E1203,9,0,0,ALM00493
RETENTOR  LATA POR FORA 55x63x5,E1203,12,0,0,ALM00494
RETENTOR 30x62x8,E1203,9,0,0,ALM00495
RETENTOR 30x62x7,E1203,6,0,0,ALM00496
RETENTOR 25x35x7,E1203,0,0,0,ALM00497
RETENTOR 30X45X7,E1203,1,0,0,ALM00507
RETENTOR 25X42X8,E1203,2,0,0,ALM00528
RETENTOR 20X32X7,E1203,9,0,0,ALM01154
RETENTOR 30X42X5,E1203,20,0,0,ALM01155
RETENTOR 25X46X7,E1203,9,0,0,ALM01156
RETENTOR 30X47X7,E1204,16,0,0,ALM00405
RETENTOR 35X62X7,E1204,8,0,0,ALM00406
RETENTOR 85X45X50,E1204,0,0,0,ALM00413
RETENTOR 57X73X1,E1204,16,0,0,ALM00415
RETENTOR 33X16X2,E1204,0,0,0,ALM00421
RETENTOR 25X47X7,E1204,10,0,0,ALM00433
RETENTOR 60X75X5,E1204,2,0,0,ALM00477
RETENTOR 67X36X6,E1204,12,0,0,ALM00492
RETENTOR 45X62X8,E1204,4,0,0,ALM00498
RETENTOR 58X75X12,E1204,10,0,0,ALM00508
RETENTOR 15X30X7,E1204,6,0,0,ALM00513
RETENTOR 40X55X8,E1204,8,0,0,ALM00514
RETENTOR 45X65X8,E1204,7,0,0,ALM00515
RETENTOR 35X52X7,E1204,6,0,0,ALM00516
RETENTOR 55X90X8,E1204,0,0,0,ALM00522
RETENTOR 01543-BR 15,E1204,3,0,0,ALM00526
RETENTOR 43X62X75,E1204,2,0,0,ALM00527
RETENTOR 17X35X10X2,E1204,4,0,0,ALM01137
RETENTOR FERRO 01046-BAG,E1205,2,0,0,ALM00407
RETENTOR 65X90X12,E1205,4,0,0,ALM00408
RETENTOR 90X130X12,E1205,2,0,0,ALM00524
RETENTOR 436275 28X42X8,E1205,2,0,0,ALM00575
FACA CIRCULAR CORTANTE 31X23X10 cm  HAGANE  L.63917/2,E1301,11,0,0,ALM00382
LÂMINA DE SERRA DE FITA MAQ. DE CORTE VERTICAL,E1301,2,0,0,ALM00491
APARA DAS CALANDRAS GLASUTEC,E1302,0,0,0,ALM00440
FUSO DAS CALANDRAS GLASUTEC,E1302,2,0,0,ALM00525
ENGRENAGEM DO FUSO DAS CALANDRAS,E1302,6,0,0,ALM00537
KIT REPARO GRACO 241657,E1302,1,0,0,ALM00763
COROA DE BRONZE DO FUSO DA CALANDRA DA M14,E1302,0,0,0,ALM01185
GAXETA  DO FILTRO AUTO LIMPANTE ISOCIANATO 15X24X8 VITON,E1303,18,0,0,ALM00401
VEDAÇÃO VITON P/ BOMBA HID JLB 12 REXROTH,E1303,5,0,0,ALM00403
RASPADOR 25-S,E1303,15,0,0,ALM00416
RASPADOR 20-S,E1303,25,0,0,ALM00417
RASPADOR 30-S,E1303,14,0,0,ALM00418
RASPADOR 16-S,E1303,8,0,0,ALM00419
RASPADOR 12-S,E1303,16,0,0,ALM00420
ANEL DE TEFLON 25X59X3,E1303,3,0,0,ALM00422
AGULHAS DO CILINDRO (RAIO INOX M26),E1303,3,0,0,ALM00432
ANEL DE COBRE 38X49X2,E1304,13,0,0,ALM00499
ANEL DE COBRE 33X40X2,E1304,2,0,0,ALM00500
"ANEL DE COBRE 24X30X1,5",E1304,5,0,0,ALM00501
ANEL DE COBRE 25X21X1.36,E1304,19,0,0,ALM00502
"ANEL DE COBRE 18X24X1,5",E1304,5,0,0,ALM00503
"ANEL DE COBRE 45X36X2,5",E1304,3,0,0,ALM00504
ANEL DE COBRE 44X53X2,E1304,8,0,0,ALM00505
ANEL DE COBRE 31X21X4,E1304,10,0,0,ALM00506
"ANEL ELASTICO PARA EIXO DE 16,5MM",E1304,4,0,0,ALM00509
"ANEL ELASTICO PARA EIXO DE 67,23MM",E1304,20,0,0,ALM00510
"ANEL ELASTICO PARA EIXO 60,18MM",E1304,2,0,0,ALM00511
"ANEL ELASTICO PARA EIXO 36,21",E1304,20,0,0,ALM00512
"ANEL ELASTICO PARA EIXO 26,25",E1304,15,0,0,ALM00578
ORING H20 JET 400043-240,E1304,7,0,0,ALM00581
MOLA 18X3,E1304,3,0,0,ALM00721
"KIT REPARO ENGATE RAPIDO 30X33,5X1,20",E1304,13,0,0,ALM00735
"KIT REPARO ENGATE RAPIDO 36X40X1,5",E1304,19,0,0,ALM00736
"QUAD RING 88X32,5X1,5",E1304,2,0,0,ALM01138
"QUAD RING 102X95X1,20",E1304,12,0,0,ALM01139
BUCHA CENTRALIZADORA NORELEM- REF. 03154-235040 / COD. RAT 64436,E1304,13,0,0,ALM01244
"GAXETA 14,7X 18,9X1,5",E1305,0,0,0,ALM00397
"GAXETA 18,5X23,9X1,5",E1305,0,0,0,ALM00398
GAXETA 27X2,E1305,0,0,0,ALM00399
"GAXETA  11,5X16,5",E1305,0,0,0,ALM00400
CORDAO DE BORRACHA 6MM,E1306,2,0,0,ALM01140
CORDAO DE BORRACHA 4MM,E1306,4,0,0,ALM01141
"CORDAO DE BORRACHA 3,8MM",E1306,3,0,0,ALM01157
CORDAO DE BORRACHA 7MM,E1306,2,0,0,ALM01158
CORDAO DE BORRACHA 3MM,E1306,2,0,0,ALM01159
CORDAO DE BORRACHA 2MM,E1306,1.5,0,0,ALM01258
CORDAO DE BORRACHA 8MM,E1306,2,0,0,ALM01260
"VALVULA DE SEGURANÇA PARA AGUA 3/4""",E1402,1,0,0,ALM00743
VALVULA BLOQUEIO - REF. K140612,E1402,0,0,0,ALM00759
"VALVULA REGULADORA DE FLUXO 1/2""",E1402,1,0,0,ALM00760
VALVULA FLUXO YF08,E1402,4,0,0,ALM00761
VALVULA FLUXO YF06,E1402,1,0,0,ALM00762
VALVULA CRU-102,E1402,3,0,0,ALM00804
"VALVULA  FLUXO 11N15 DRV 1/4""",E1402,2,0,0,ALM00917
"VALVULA FLUXO DRV-10-013/0 3/4""",E1402,1,0,0,ALM00963
VALVULA REGULADORA DE FLUXO LNV2-08-K (KETA),E1402,2,0,0,ALM01409
MANCAL F205 FRM,E1403,2,0,0,ALM00533
MANCAL FRONT FENDER COM BUCHAMENTO ,E1403,3,0,0,ALM00606
MANCAL FRONT FENDER SEM BUCHAMENTO,E1403,4,0,0,ALM00610
PRATO DO CILINDRO DE PREENCHIMENTO HIDRAULICO R900529340 ,E1403,2,0,0,ALM00611
MANCAL PASE-40XL-N,E1403,8,0,0,ALM01341
MANCAL P207 ,E1404,10,0,0,ALM00534
MANCAL DO FORNO P212,E1404,4,0,0,ALM00563
MANCAL FL208 FK,E1404,6,0,0,ALM00566
MANCAL P204,E1405,5,0,0,ALM00438
MANCAL T207 F&D,E1405,3,0,0,ALM00439
MANCAL FL204 FK,E1405,6,0,0,ALM00532
MANCAL 504 SKF,E1405,1,0,0,ALM00535
MANCAL GG.ASE08,E1405,2,0,0,ALM00733
MANCAL DO ROLAMENTO P210,E1405,3,0,0,ALM01066
MANCAL QUADRADO DO ROLAMENTO T 210,E1405,2,0,0,ALM01067
MANCAL UCF206,E1405,3,0,0,ALM01218
MANGUEIRA CAPILAR 400MM,E1406,4,0,0,ALM00624
MANGUEIRA CAPILAR  1500MM,E1406,6,0,0,ALM00775
MANCAL DO ROLAMENTO UPC 210 HOLE 50,E1406,0,0,0,ALM01064
MANCAL UKF210,E1406,8,0,0,ALM01215
MANCAL UCF204,E1406,1,0,0,ALM01216
MANCAL UCPA204,E1406,2,0,0,ALM01217
GAS REFRIGERANTE R-22,E2101,1,0,0,ALM00380
MASSA SOLDA A FRIO COMPOSTO DE AÇO COM RESINAS 4:1 RESINA A 4:1 ENDURECEDOR B,E2101,4,0,0,ALM01126
"ARAME GALVANIZADO BWG 16 E=1,24MM",E2102,85,0,0,ALM01019
CABO DE AÇO PASTIF (3/32X1/8),E2102,200,0,0,ALM01192
MOTO REDUTOR NMRV 040  (MOTOR CE MS 711-4 SN NO 1512-047),E2103,2,0,0,ALM00240
CABEÇOTE- REF. DHV1218 - 2K,E2103,0,0,0,ALM00844
CILINDRO DO CABECOTE DE ALTA PRESSAO WSI PN: SP05144647 SLIV;  SLV    HP CYLINDER 72119544,E2103,0,0,0,ALM00935
MODULO REDUTOR  MOTOVARIO NMRV 040,E2103,2,0,0,ALM00939
BOMBA DE VACUO MOD: G-BH1 2BH1310-7HH26,E2104,0,0,0,ALM00845
BOMBA DE ISOCIANATO,E2105,3,0,0,ALM01512
BOMBA DE POLIOL,E2106,1,0,0,ALM00778
CORRENTE DE TRANSMISSÃO DUPLA 08B-2 (TC TRANSCOR),E2202,4,0,0,ALM00446
CORREIA PVC DUAS TELAS ADERENTE 4970X26X2mm,E2202,5,0,0,ALM01519
AMORTECEDOR DE IMPACTO PARA PORTA DE PAINEL,E2203,1.5,0,0,ALM00018
FITA DE FIBRA P/ ALAT TEMPERATURA 3M COLEIRO,E2203,0,0,0,ALM00071
ELEMENTO ELASTICO 65,E2203,1,0,0,ALM01174
ELEMENTO ELASTICO 48,E2203,5,0,0,ALM01175
ELEMENTO ELASTICO 42,E2203,2,0,0,ALM01176
ELEMENTO ELASTICO 38,E2203,5,0,0,ALM01177
ELEMENTO ELASTICO 24,E2203,3,0,0,ALM01178
ELEMENTO ELASTICO 19,E2203,4,0,0,ALM01179
ELEMENTO ELASTICO EA82,E2203,4,0,0,ALM01180
ELEMENTOS ELASTICOS 24                        ,E2203,0,0,0,ALM01287
ELEMENTOS ELASTICOS 52                        ,E2203,0,0,0,ALM01288
ELEMENTOS ELASTICOS 48                        ,E2203,0,0,0,ALM01289
ACOPLAMENTO 82,E2204,3,0,0,ALM00093
ACOPLAMENTO M04,E2204,1,0,0,ALM00156
ACOPLAMENTO EA 148,E2204,2,0,0,ALM00747
ACOPLAMENTO REXROTH 38,E2204,1,0,0,ALM00748
ACOPLAMENTO 67,E2204,3,0,0,ALM00749
ACOPLAMENTO 19,E2204,1,0,0,ALM00785
ACOPLAMENTO AN44,E2204,1,0,0,ALM00975
ACOPLAMENTO 28,E2204,6,0,0,ALM01173
ENGRENAGEM 64 DENTES EIXO DE 20MM,E2205,2,0,0,ALM01181
ENGRENAGEM 32 DENTES EIXO DE 20MM,E2205,4,0,0,ALM01182
BOMBA DE ENGRENAGEM DO SISTEMA HIDRAULICO HGP3AF17R,E2206,1,0,0,ALM00803
BOMBA HIDRAULICA DO CARPETE 34494459/602,E2206,0,0,0,ALM00807
BOMBA HIDRAULICA HYBE 10501019013 VK02250,E2206,1,1,3,ALM01521
CORPO PISTOLA VALCO MELTON 912XX231,E2302,2,0,0,ALM00339
KIT REPARO PISTOLA VALCO MELTON 988XX344,E2302,1,0,0,ALM00577
MANGUEIRA 4MM VALCO MELTON TEFLON 988XX205,E2302,2,0,0,ALM00753
PORCA RETA VALCO MELTON 943XX068N,E2302,3,0,0,ALM00786
KIT PISTOLA DE COLA TS-2007B-14 (MSD),E2302,0,0,0,ALM00955
PISTOLA AUTOMATICA DE PINTURA PICCOLA MDS 80mm ,E2302,1,0,0,ALM01171
KIT AUTOMATICA DE PINTURA PICCOLA 03mm POS.10 (MDS),E2302,2,0,0,ALM01172
MODULO LINHA CP 916XX001 (VALCO MELTON),E2302,1,0,0,ALM01187
PONTEIRA LINHA 910XX318 (VALCO MELTON),E2302,6,0,0,ALM01188
BOMBA VALCO MELTON 8cc/g 1804629,E2302,1,0,0,ALM01204
VALVULA DUPLO PILOTO BDM 30 COD:1011.52.1.8,E2302,0,2,6,ALM01547
"CONJUNTO DIAFRAGMA POS.14/15  BDM 160 P/ TRANSFERÊNCIA 1/2"" ",E2302,3,4,10,ALM01548
CAPA DO BICO ROBO COLA GTI PRO EFFICLENCY PN:ITW-PRO-100-TE40-K  DEVILBISS,E2303,3,0,0,ALM00101
MANIFOLD PARA PISTOLA WARNING FLUDO 7BAR DEVIBILLS,E2303,2,0,0,ALM00103
MANIFOLD PARA PISTOLA GRACO 288217,E2303,2,0,0,ALM00106
CAPA ROBO GRACCO 289773,E2303,6,0,0,ALM00107
CAPA ROBO DEVILBISS COM 522 TRANS-TECH,E2303,1,0,0,ALM00209
AGULHA DA PISTOLA DE COLA GRACO 24A690 K19A,E2303,6,0,0,ALM00579
"PISTOLA DE COLA DO ROBO DEVIBILLS HVLP AUTO 1,0MM AG362-TE40-10-L",E2303,1,0,0,ALM00740
BICO DO COLEIRO 971 XX604,E2303,2,1,4,ALM00796
"CAPA DE AR DO BICO ROBO DE COLA AIRPRO 1,4MM GR-289773",E2303,2,0,0,ALM01005
KIT DA PISTOLA MANUAL MD 05 HVLP,E2303,1,0,0,ALM01183
AGULHA DEVILBISS SPA-362-085-10-K,E2303,0,0,0,ALM01335
PISTOLA AUTOMATICA AIR PRO 1.4 GRACO PART NO. 24A749  SERIES B22A,E2303,0,2,4,ALM01558
340210N BOMBA DE PISTÃO COMPLETA MAKMELT,E2304,0,0,0,ALM00022
"POLIAMAUREY BG52X 3/4""",E2304,4,0,0,ALM00801
BOMBA DE PALHETA FZP-2/4.0 HYDAC,E2304,1,0,0,ALM01022
TERMINAL FLANGE 1.1/2 - NCM 7307.19.20,E2304,0,0,0,ALM01286
NEEDLE REPAIR KIT PART # 912-060,E2304,1,0,0,ALM01338
PISTOLA DESMOLDANTE - PD10,E2304,2,0,0,ALM01517
SERVO MOTOR SEW EURODRIVE WA37B CMP50M/BK/KY/AKOH/SB1,E2305,1,0,0,ALM00354
SERVO MOTOR SCHNEIDER BMH1002P06A2A,E2305,1,0,0,ALM00798
SERVO MOTO ABB 3HAC3403-1/2,E2305,1,0,0,ALM01481
BOMBA DE ÓLEO TERMICO DA RZR 4.500,E2306,1,0,0,ALM00345
BOMBA HIDRAULICA  REXROTH R910983523/001 A10VS0100DFR1/31R,E2306,1,0,0,ALM00755
BOMBA RZR CO56-16 (REZINA),E2306,1,0,0,ALM00811
BOMBA TRIPLA AZPFF-022-022-006-R-01-01-01-MB,E2402,0,0,0,ALM00776
BOMBA HIDRAULICA 32207621,E2402,0,0,0,ALM00806
"VALVULA DE RETENÇÃO PARA ISOCIANATO 1""",E2403,0,0,0,ALM00818
"VALVULA DE RETENÇÃO PARA ISOCIANATO 2""",E2403,2,0,0,ALM00819
"MANOMETRO COM ROSCA 1/4"" VERTICAL 1500PSI 100BAR COM GLICERINA",E2404,1,0,0,ALM00358
"MANOMETRO COM ROSCA 1/2"" VERTICAL 6000PSI 400BAR COM GLICERINA",E2404,2,0,0,ALM00359
"MANOMETRO COM ROSCA 1/2"" HORIZONTAL 600PSI 400BAR COM GLICERINA",E2404,1,0,0,ALM00360
"MANOMETRO COM ROSCA 1/8"" HORIZONTAL 140PSI 10 BAR",E2404,3,0,0,ALM00361
"TERMOMETRO 200°C COM ROSCA DE 3/4"" HASTE DE 50MM",E2404,2,0,0,ALM00764
"TERMOMETRO 100°C COM ROSCA DE 3/4"" HASTE DE 70MM",E2404,3,0,0,ALM00765
"MANOMETRO COM ROSCA 1/8"" VERTICAL 160PSI 11BAR",E2404,1,0,0,ALM00766
"MANOMETRO COM ROSCA 1/4"" HORIZONTAL 4MPA",E2404,2,0,0,ALM00793
"MANOMETRO COM ROSCA 1/8"" HORIZONTAL 1MPA 10KGF/CM²",E2404,1,0,0,ALM00799
"MANOMETRO COM ROSCA 1/8"" HORIZONTAL 10BAR K1.1.6",E2404,1,0,0,ALM00805
"MANOMETRO COM ROSCA 1/8"" 160PSI 11BAR 1.1MPA",E2404,1,0,0,ALM00816
"MANOMETRO COM ROSCA 1/4"" HORIZONTAL 150PSI 10BAR",E2404,1,0,0,ALM00817
"MANOMETRO ROSCA 1/8"" HORIZONTAL 200PSI 14KGF/CM²",E2404,1,0,0,ALM00834
"MANOMETRO COM ROSCA 1/8"" HORIZONTAL 10 BAR 150 PSI",E2404,3,0,0,ALM00918
"MANOMETRO COM ROSCA 1/4"" HORIZONTAL 16BAR 220PSI",E2404,1,0,0,ALM00919
"TERMOMETRO 100°C COM ROSCA DE 1/4"" HASTE DE 50MM",E2404,6,0,0,ALM01133
"MANOMETRO ROSCA 1/8"" VERTICAL 140 PSI 10BAR",E2404,3,0,0,ALM01228
"MANOMETRO ROSCA 1/8"" HORIZONTAL 11BAR 160PSI",E2404,1,0,0,ALM01229
"MANOMETRO ROSCA VERTICAL 1/4""NPT  400 BAR COM GLICERINA",E2405,1,0,0,ALM00355
"MANOMETRO INDICADOR DE SATURAÇÃO PÁRA FILTRO 1/8"" COM ADAP.",E2405,0,0,0,ALM00356
TERMOMETRO 150°C COM HASTE 60MM PARAFUSADA,E2405,1,0,0,ALM00357
TERMINAL ROTULAR MACHO POS 30MM - ROSCA DIREITA,E2405,6,0,0,ALM00466
MANOMETRO 30015294-1 GA-PR 0-5000 PSI/BAR KMT  (KMT),E2405,1,0,0,ALM00787
PONTA MONTADA B21  ,E2405,7,0,0,ALM00820
PONTA MONTADA A-004,E2405,2,0,0,ALM00821
PONTA MONTADA A22,E2405,9,0,0,ALM00822
PONTA MONTADA A-024,E2405,2,0,0,ALM00823
PONTA MONTADA A35,E2405,0,0,0,ALM00824
PONTA MONTADA B41,E2405,5,0,0,ALM00825
PONTA MONTADA A5,E2405,1,0,0,ALM00826
PONTA MONTADA A18,E2405,0,0,0,ALM00827
PONTA MONTADA A24,E2405,0,0,0,ALM00828
PONTA MANTADA A34,E2405,0,0,0,ALM00829
PONTA MONTADA B52,E2405,0,0,0,ALM00830
PONTA MONTADA A21,E2405,0,0,0,ALM00831
PONTA MONTADA A36,E2405,0,0,0,ALM00832
PONTA MONTADA A-004,E2405,0,0,0,ALM00833
PONTA MONTADA A34,E2405,1,0,0,ALM01134
"MANOMETRO ROSCA VERTICAL 1/8""NPT  400 BAR COM GLICERINA",E2405,0,0,0,ALM01148
REDUTOR 6286089-018NMRV 050,E2406,1,0,0,ALM00621
SERVO MOTOR ABB 3HAC040408-00101,E2406,1,0,0,ALM00727
MOTOR WEG POTENCIA 1.5CV ET448/001,E2406,1,0,0,ALM00810
"BOMBA DE DIAFRAGMAN MSD BDM 160 P/ TRANSFERÊNCIA 1/2"" ",F1106,0,0,0,ALM01313
BOMBA DE DIAFRAGMA SERE PRO,F1106,0,0,0,ALM01374
CONJUNTO BARREIRA DE LUZ SICK (C465-1203CT 400)  (C46E-1203CV 400),F1201,1,0,0,ALM00348
BOMBA ENERPAC P392 1000PSI 700BAR,F1202,1,0,0,ALM01206
PORCA FLANGE AÇO INOX 316 10MM,F1203,10,0,0,ALM01415
PORCA FLANGE AÇO INOX 316 12MM,F1203,10,0,0,ALM01416
PORCA FLANGE AÇO INOX 316 8MM,F1203,10,0,0,ALM01417
ANILHA DIANTEIRA AÇO INOX 316 OD 10MM,F1203,9,0,0,ALM01418
ANILHA DIANTEIRA AÇO INOX 316 OD 12MM,F1203,10,0,0,ALM01419
ANILHA DIANTEIRA AÇO INOX 316 OD  8MM,F1203,10,0,0,ALM01420
ANILHA TRASEIRA AÇO INOX 316 OD 10MM,F1203,10,0,0,ALM01421
ANILHA TRASEIRA AÇO INOX 316 OD 12MM,F1203,10,0,0,ALM01422
ANILHA TRASEIRA AÇO INOX 316 OD   8MM,F1203,10,0,0,ALM01423
BOSCHERT 30-40,F1205,1,0,0,ALM00346
BOMBA HIDRAULICA PISTÃO  BOSCH/REXROTH A4VSO180LR2Z/30E,F1205,0,0,0,ALM01059
TRAVA QUEDA 40X50Kg,F1205,1,0,0,ALM01233
TRAVA QUEDA 38X52Kg,F1205,1,0,0,ALM01248
BOMBA POLIOL RECONDICIONADA HIDRAULICA ,F1205,0,0,0,ALM01443
CONJ. BOMBA HIDRAULICA 12CC25 SUPOL 221.002.0133,F1205,0,0,0,ALM01448
"ABRAÇADEIRA 11"" ",F1303,13,0,0,ALM00622
ABRAÇADEIRA PARA TUBO 8MM,F1303,4,0,0,ALM00768
MOTOBOMBA DE VACUO WEG IP55 855Hz,F1304,1,0,0,ALM00074
MOTOR MARATHON HJN 80M1-4  440V,F1304,1,0,0,ALM00267
MOTOR MEZ 230/400V,F1304,1,0,0,ALM00862
BOMBA PNEUMATICA MECART MOD: MEC 24T,F1305,1,0,0,ALM00073
BARREIRA DE LUZ SICK C405-1503DA040,F1401,1,0,0,ALM00349
MOTOR CANTONI SKH71-4A 440A,F1402,7,0,0,ALM00029
ABRAÇADEIRA MS 212,F1403,2,0,0,ALM00210
ABRAÇADEIRA 210,F1403,2,0,0,ALM01015
BASE FIBRO 2031.70.040,F1403,5,0,0,ALM01020
MOTOR WEG W22 PLUSS 220/380/440,F1404,1,0,0,ALM01031
MOTOR BOMBA AUTO-ASPIRANTE  110/127 VALTS,F1404,1,0,0,ALM01032
BOMBA FB MOD: FBE 1STD,F1404,1,0,0,ALM01033
BOMBA HIDRAULICA  ALTA PRESSAO PARKER PV080R1K1T1NHLC,F1405,1,0,0,ALM00754
BOMBA KRACHT KF200 BF7,F1405,1,0,0,ALM01034
MOTOR REDUTOR SEW KA47B CMP63M/KY/AKOH/5M1,F1406,1,0,0,ALM01035
MOTOR WEG COM REDUTOR + EIXO W22 220/380,F1406,1,0,0,ALM01036
MANCAL DO ROLAMENTO UCF 206 HOLE D30,F2,0,0,0,ALM01065
MANCAL QUADRADO DO ROLAMENTO UCF 204 D 2,F2,0,0,0,ALM01068
ENGRENAGEM CONICA ESPIRAL PCM BG12 A,F2,0,0,0,ALM01069
UNTA UNIVERSAL 04G CODE SG0S 1200,F2,0,0,0,ALM01070
PORCA AUTO TRAVANTE GUK M20 X 1,F2,0,0,0,ALM01071
PORCA AUTO TRAVANTE GUK M 50,F2,0,0,0,ALM01072
ENGRENAGEM CONICA 1:1 M=3 Z=25,F2,0,0,0,ALM01075
REDUTOR COAXIAL B-A72 FA LAM BLOCO HORIZ,F2,2,0,0,ALM01076
ACOPLAMENTO MAGNETICO JYY180M,F2,1,0,0,ALM01077
PORCA T NORMA DIN,F2102,25,0,0,ALM00701
ARRUELA PEQUENA PARA SETUP NORMA DIN,F2102,0,0,0,ALM00703
ARRUELA GRANDE PARA SETUP NORMA DIN,F2102,0,0,0,ALM00718
"JOELHO EM AÇO CARBONO PARA SOLDA DE 1""",F2104,10,0,0,ALM01197
NIPLE DUPLO 3/4 FIG. 280 DIM.3/4CLASS. BSP,F2104,2,0,0,ALM01208
PRESILHA 3/8 PARA CABO DE AÇO ,F2104,0,0,0,ALM01278
"CHUMBADOR PBA 5/8"" X 7",F2106,0,0,0,ALM01021
"NIPLE GALV   (1/2"") BSP 280 TUPY  ",F2202,10,0,0,ALM00847
"NIPLE DE 1""",F2202,1,0,0,ALM00848
PARAFUSO SEXT AUTO-BROCANTE (7/32X4)CR,F2202,0,0,0,ALM01194
"REDUÇÃO F/M 3/4X1"" ",F2202,2,0,0,ALM01297
"NIPLE LATAO  3/4"" NPT",F2202,6,0,0,ALM01300
UNIÃO MACHO NPT X UNF ,F2204,12,0,0,ALM01302
"PARAFUSOS SEM CABEÇA COM DIAMETRO 19,70MM X COMPRIMENTO 201,10MM EM AÇO 8.8 COM PASSE DE ROSCA 10G 3/4""",F2303,8,0,0,ALM01511
CANJUNTO BARREIRA DE LUZ SCHMERSAL (5C100112015) (5C10011161),F2401,1,0,0,ALM00937
ACUMULADOR DE PRESSÃO,G1101,0,0,0,ALM01232
GERADOR DE VÁCUO PNEUMÁTICO PIAB CODE: PCL.X2BN.S.10D.SV,G1101,1,0,0,ALM01271
DISJUNTOR MOTOR TERMOMAGNETICO GV2 ME06 1-1.6A,G1102,1,0,0,ALM00039
DISJUNTOR MOTOR TERMOMAGNÉTICO SCHNEIDER  - REF. GV2-ME08C / 2.5-4A,G1102,0,0,0,ALM00041
DISJUNTOR MOTOR GZ1E32  X1  32A    Easy TVS-056791  (SCHINEIDER),G1102,2,0,0,ALM00046
DISJUNTOR MOTOR GZ1E03 GB14048.2 GB14048.4 (SCHINEIDER),G1102,2,0,0,ALM00048
DISJUNTOR BIPOLAR SCHINEIDER EZ9F13120,G1102,2,0,0,ALM00049
DISJUNTOR MOTOR  GV2ME-16 X1   9-14A (SCHINEIDER),G1102,0,0,0,ALM00050
CONTATOR TRIPOLAR  SCHNEIDER -  REF. LC1D09-M7,G1102,0,0,0,ALM00052
CHAVE SECCIONADORA COMANDO MANUAL TRIPOLAR NSX100-160-250,G1102,1,0,0,ALM00069
"DISJUNTOR MOTOR WEG MPW40-3-D063 4-6,3A ",G1102,0,0,0,ALM00202
BLOCO DE COMANDO BIMANUAL FESTO - REF. ZSB-1/8-B / COD. 576656 (FESTO),G1102,1,0,0,ALM00849
VÁLVULA PNEUMÁTICA 5/3 VIAS CENTRO FECHADO FESTO - REF. VL-5/3G-3/8-B / COD. 14950 (FESTO),G1102,1,0,0,ALM00852
DISJUNTOR BIPOLAR EZ9F33206 IEC 60898-1   220V (SCHNEIDER) C6,G1103,0,0,0,ALM00054
CONTATOR TRIPOLAR 32A 24VCC LC1 D32B7,G1103,0,0,0,ALM00162
CONTACTOR AUXILIAR  - REF.LC1K0901B7 (SCHNEIDER),G1103,0,0,0,ALM00165
VALVULA VD-3-PK-3 FESTO,G1103,2,0,0,ALM00247
VÁLVULA REGULADORA DE PRESÃO G1/2 - REF. MS6-LR-1/2-D7-AS / COD. 529993 (FESTO),G1103,0,0,0,ALM00850
TEMPORIZADOR 20..300SEG PNEUMÁTICO FESTO - REF. PZVT-300-SEC / COD. 150239,G1103,3,0,0,ALM00851
ATUADOR TIPO SELETOR P/ PAINEL FESTO - REF. N-22-SW / COD. 7803 E602 (FESTO),G1103,0,0,0,ALM00853
VÁVULA PNEUMÁTICA COMPACTA FESTO - REF. J-3-PK-3 / COD. 10772 (FESTO),G1103,3,0,0,ALM00854
VALVULA PNEUMÁTICA 3/2 VIAS FESTO - REF. VL/O-3-1/8-B / COD. 4245 E702 8bar (FESTO),G1103,0,0,0,ALM00855
VÁLVULA PNEUMÁTICA 5/3 VIAS CENTRO FECHADO FESTO - REF. VL-5/3G-D-3-C / COD. 151867 E743 (FESTO),G1103,1,0,0,ALM00856
"BLOCO LÓGICO ""E"" PNEUMÁTICO - REF. ZK-PK-3-6/3 / COD. 4204 (FESTO)",G1103,4,0,0,ALM00857
VÁLVULA PNEUMÁTICA 3/2 VIAS NORM. ABERTA FESTO - REF. VL/O-3-PK-3x2 / COD. 151863 E643 (FESTO),G1103,0,0,0,ALM00858
BLOCO DISTRIBUIDOR 12 SAÍDAS  - REF. FR-12-PK-3-B / COD. 8761 (FESTO),G1103,1,0,0,ALM00859
VÁLVULA DE RETENÇÃO PILOTADA ROSCA G1/2 TUBO 12MM FESTO - REF. HGL-1/2-QS-12 / COD. 530045,G1103,5,0,0,ALM00860
KIT REPARO DA GERADORA DE VACUO 0125615 (PIAB),G1103,1,0,0,ALM01120
ACIONADOR PNEUMATICO MOD:4H210-06L PRESSURE:0-0. 8MPA,G1103,3,0,0,ALM01128
BLOCO DE VÁLVULA G1/8 FESTO - REF. PRS-3/8-2-B / COD. 30682,G1103,0,0,0,ALM01253
DISJUNTOR MONOPOLAR 5SL11 MCB C6 IEC 60898-1 (SIEMENS),G1104,0,0,0,ALM00056
FONTE DE ALIMENTAÇÃO TRIFÁSICA PSS-B24-240S 24VDC-10A COD:164225 240W,G1104,2,0,0,ALM00229
"TRANSMISSOR DE  NÍVEL , 10…A60cm,  0 a 10V/4 a 20 Ma - Cod:LR3000 ",G1104,0,0,0,ALM00236
MODULO DE SAÍDA DIGITAL 16 PONTOS 0.5AMP 24VDC SM322 - REF. 6ES7-322-1BH01-0AA0 SIEMENS,G1104,1,0,0,ALM00305
MÓDULO DE ENTRADAS DIGITAIS S7-300 16DI 24VDC 20PIN - REF. 6ES7-321-1BH02-0AA0 SIEMENS ,G1104,1,0,0,ALM00312
MÓDULO DE ENTRADAS ANALÓGICAS 8AI - 13BIT SIEMENS SIMATIC S7-300  6ES7 331-1KF02-0AB0,G1104,1,0,0,ALM00313
"CPU 314C - 2PN/PD,SIMATIC S7-300,192KB,24DI16DO SIEMENS -  REF. 6ES7-314-6EH04-0AB0",G1104,1,0,0,ALM00314
UNIDADE DE SERVIÇO COMBINADA P/ TRATAMENTO DE AR  - REF. MSB6 / 531030 (FESTO),G1104,0,0,0,ALM00790
TRANSMISSOR DE PRESSÃO XMLR040G2P05,G1104,0,0,0,ALM00813
TRANSMISSOR DE PRESSÃO BSP001A (BALLUFF),G1104,1,0,0,ALM00814
SENSOR DE PRESSÃO  XMLR010G1P25,G1104,2,0,0,ALM00815
FONTE DE ALIMENTAÇÃO CHAVEADA 24V 200W - REF. NES-200-24,G1104,0,0,0,ALM01041
CONJUNTO DE PLACAS FINAIS ISO FESTO - REF. NEV-3DA/DB-ISSO / COD. 10176,G1104,0,0,0,ALM01238
BLOCO DE MONTAGEM P/ VÁLVULA FESTO - REF. NAV-1/2-3C-ISO / COD. 10175,G1104,0,0,0,ALM01239
"CHAVE GERAL,MODELO: 1132/N3/7ZM/Z10/20/PE 34W - REF : 9150843",G1104,0,0,0,ALM01262
"TRANSFORMADOR 420/24V ,0.063KVA,  2,6A, 50/60Hz, MARCA: GWK - REF: 9190449",G1104,0,0,0,ALM01263
"PLACA DE CIRCUITO IMPRESSO, CSREG V1.0, REF: 9070855",G1104,0,0,0,ALM01264
"PAINEL TOUCH SCREEN, REF: 9071111",G1104,0,0,0,ALM01265
"TRANSMISSOR DE SINAIS , REF: 9030150",G1104,0,0,0,ALM01266
"TRANSMISSOR DE TEMPERATURA GWK KABEL, MODELO S&S KW 12/14-L 407 PT100, REF: 9914933, posição 3",G1104,0,0,0,ALM01267
"MICRO COMUTADOR , REF: 9150754 , posição 9",G1104,0,0,0,ALM01268
RELÉ DE ACIONAMENTO DA VALVULA - MARCA: CELDUC - REF: SO867970,G1104,0,0,0,ALM01269
SENSOR PRESSURE XMLR400M1P25  X1,G1104,1,0,0,ALM01294
BLOCO FESTO VL/0-3-3/4,G1105,3,0,0,ALM00250
REDUTOR  MOTOVARIO 6728786-003 ,G1105,1,0,0,ALM00938
VÁLVULA DE RETENÇÃO PILOTADA ROSCA G1/2 TUBO 12MM FESTO - REF. HGL-1/2-QS-12 / COD. 530045,G1105,0,0,0,ALM01254
ROLAMENTO UC208 (F&D),G1106,18,0,0,ALM00256
BLOCO DE DISTRIBUIDOR PNEUMÁTICO 3/2 MOD:10049. E955 10/ ,G1106,0,0,0,ALM00271
MANCAL  COM ROLAMENTO PSHE30-N,G1106,4,0,0,ALM00564
MANCAL P208 (F & D),G1106,1,0,0,ALM00565
MODULO REDUTOR  MOTOVARIO NMRV 030 ,G1106,1,0,0,ALM00941
PLACA DE MONTAGEM FESTO MOUNTING LATE - REF. APL-2N-GRP / COD. 10391,G1106,0,0,0,ALM01235
FOLE COMPACTO PNEUMÁTICO ATUAÇÃO SIMPLES NORGREN - REF. M/31141 / COD RAT 8674,G2101,0,0,0,ALM00792
REDUTOR MECANICO UNIMEC TIPO TPR-00204 1/5 FOMA B ,G2101,2,0,0,ALM00945
KIT REPARO DA GERADORA DE VACUO 0109531 (PIAB),G2103,1,0,0,ALM00324
ROLAMENTO Y208-V22 (FRM),G2106,1,0,0,ALM00555
CILINDRO PADRÃO FESTO - REF. DSBC-100-500 PPV-A-KP E943,G2106,1,0,0,ALM00732
BOMBA DE PISTÃO 23CC - REF. JLB28MAORP2-S02  REXROTH,G2106,0,0,0,ALM00777
MOTOR ELÉTRICO TRIFÁSICO 2.2KW (3HP) - REF. Y2-100L1-4,PISO 01,2,0,0,ALM01039
MOTOR TT 90L 1.5 KW 4 POLES 1420 REVS,PISO 01,1,0,0,ALM01082
"MOTOR ELÉTRICO TRIFÁSICO 1.5 KW , 1400rpm, 0,35A (380V/60HZ) ",PISO 01,1,0,0,ALM01091
"MOTOR ELÉTRICO TRIFÁSICO 2.2KW, 220-380V - 60Hz - 1140rpm",PISO 01,1,0,0,ALM01092
MOTOR ELÉTRICO TRIFÁSICO 1.5KW - 380V - 1400rpm - 60 Hz,PISO 01,1,0,0,ALM01093
"MOTOR ELÉTRICO 380V - 0,35A - 60HZ - 1400RPM , 45W",PISO 01,1,0,0,ALM01094
"MOTOR ELÉTRICO TRIFÁSICO B5 1,5KW, 1390rpm, 3.7A (380V/60HZ) - REF YP2-90L-4",PISO 01,1,0,0,ALM01095
MOTOR ELÉTRICO TRIFÁSICO 1.5KW - 380V - 1850rpm - 60 Hz,PISO 01,1,0,0,ALM01096
MOTOR ELÉTRICO TRIFÁSICO 380V - 5.1A - 1410RPM - 60Hz,PISO 01,1,0,0,ALM01097
"MOTOR ELÉTRICO TRIFÁSICO PARA BOMBA WP 601, 5052146, 460V, 60HZ, 0,5 KW, 1.1A, 3380 RPM, Q 60L/min, MODELO: TM-601-110.0005, REF: 5052146",PISO 01,0,0,0,ALM01256
GRAXA MULTIFAK EP2,QUIMICO,3,1,3,ALM00863
ÓLEO HIDRAULICO HLP 68 DENSIDADE 68,QUIMICO,200,200,600,ALM00864
OLEO PNEUMATICO MOBIL UNILUB-10 S10 ,QUIMICO,0,20,80,ALM00865
OELO SAE 140,QUIMICO,140,20,60,ALM00866
ÓLEO TERMICO TAMBOR 200L DENSIDADE 100/1200,QUIMICO,220,200,600,ALM00867
ADITIVO PLASTICO DOP,QUIMICO,80,20,80,ALM01001
OLEO ALL HLP 32,QUIMICO,40,20,60,ALM01002
OLEO DIESEL ,QUIMICO,20,20,100,ALM01003
DESENGRAXANTE ALCALINO,QUIMICO,40,20,200,ALM01530
MANGUEIRA PNEUMATICA DE POLIURETANO TUBO 12MM EXTER AZUL ACIMA DE 10 bar,S101,150,0,0,ALM00879
MANGUEIRA PNEUMATICA DE POLIURETANO TUBO 8MM EXTER AZUL ACIMA DE 10 bar,S103,100,0,0,ALM00878
MANGUEIRA TEFLON 6MM,S201,20,0,0,ALM00869
MANGUEIRA PNEUMATICA DE POLIURETANO TUBO 6MM EXTER AZUL ACIMA DE 10 bar,S201,100,0,0,ALM00887
MANGUEIRA PNEUMATICA DE POLIURETANO TUBO 4MM EXTER AZUL ACIMA DE 10 bar,S202,100,0,0,ALM00877
MANGUEIRA CORRUGADA C/ BICO PESCADOR,S301,0,0,0,ALM01226
"MANGUEIRA HIDRÁULICA DE ALTA PRESSÃO 5/8""",S502,0,0,0,ALM00876
MANGUEIRA PNEUMATICA DE POLIURETANO TUBO 10MM EXTER AZUL ACIMA DE 10 bar,S502,200,0,0,ALM00905
MANGUEIRA 8AGR2*100FJ-10*3600,S502,2,0,0,ALM01189
"MANGUEIRA PARA AGUA 1/2""",S503,20,0,0,ALM00890
"MANGUEIRA FLEXÍVEL CORRUGADA TIPO VÁCUO-AR 1.1/2"" AZUL",S504,0,0,0,ALM01249
"MANGUEIRA FLEXÍVEL CORRUGADA TIPO VÁCUO-AR 1"" AZUL",S504,0,0,0,ALM01250
MANGUEIRA MTF-05X100-04-04X100-04-1000mm,S504,10,0,0,ALM01290
MANGUEIRA MTF-05X100-04-04X100-04-1000mm,S504,6,0,0,ALM01291
MANG. 100R2-16X100-16X112-16-16X3000MM,S504,1,0,0,ALM01296
"MANGUEIRA PARA OLEO TERMICO 3,50 METROS",S504,1,0,0,ALM01303
MANGUEIRA TEFLON REVESTIMENTO DE ACO JIT 3/4POL 1500MM ,S601,0,0,0,ALM00875
CORREIA LISA HTA 500-5M,S601,0,0,0,ALM01024
CORREIA LISA B-36,S601,7,0,0,ALM01025
CORREIA LISA A-37,S601,8,0,0,ALM01026
CORREIA LISA 3L-380,S601,4,0,0,ALM01027
CORREIA LISA DU15-506,S601,2,0,0,ALM01028
CORREIA LISA B38 17 X 9652,S601,1,0,0,ALM01029
CORREIA DENTADA TORQUE FLEX XPB 2410,S601,2,0,0,ALM01030
MANGUEIRA 8AGR2*100DL-15*1600,S601,2,0,0,ALM01190
MANGUEIRA 4SH-20*200DP-38*1310,S601,0,0,0,ALM01191
CORREIA SINCRONIZADORA PV/ACO 16MM LLT0 16M,S601,21,0,0,ALM01195
MANGUERIA EM ACO 3/8 700mm ,S602,0,0,0,ALM00868
MANGUEIRA TEFLON REVESTIMENTO ACO 1/4 BSP 1000MM RABICHO,S602,6,0,0,ALM00872
MANGUEIRA TEFLON REVESTIMENTO ACO 1000mm  1/4,S602,0,0,0,ALM00873
MANGUEIRA TEFLON REVESTIMENTO ACO 1000mm  ,S602,0,0,0,ALM00874
"MANGUEIRA PARA OLEO TERMICO 1,5 METROS",S602,2,0,0,ALM00888
MANGUEIRA PARA OLEO TERMICO 2300mm,S602,1,0,0,ALM00889
MANGUEIRA PARA OLEO TERMICO 2 METROS,S602,2,0,0,ALM01298
MANGUEIRA PARA OLEO TERMICO 1 METROS,S602,2,0,0,ALM01299
MANGUEIRA ALTA PRESSAO 100mm 1/2 ,S603,0,0,0,ALM00870
MANGUEIRA DE ALTA PRESSAO 1/2POL 1500MM,S603,2,0,0,ALM00871
CORREIA 16 T10 -16mm ( GATES ),S603,10,0,0,ALM01491
CORREIA DENTADA 1700H,S701,1,0,0,ALM00891
CORREIA DENTADA T10-810AD,S701,1,0,0,ALM00893
CORREIA DENTADA T10-450,S701,3,0,0,ALM00894
CORREIA DENTADA T10-530,S701,1,0,0,ALM00895
CORREIA DENTADA HTD500-5M,S701,3,0,0,ALM00900
CORREIA DENTADA XPB2410,S702,3,0,0,ALM00725
CORREIA DENTADA 14KJB,S702,1,0,0,ALM00899
CORREIA DENTADA 360H,S703,2,0,0,ALM00892
CORREIA DENTADA BX381815,S703,0,0,0,ALM00896
CORREIA DENTADA BSX33,S703,3,0,0,ALM00897
CORREIA LISA B36,S703,7,0,0,ALM00901
CORREIA LISA 5L-380,S703,0,0,0,ALM00902
CORREIA DENTADA T10660,S704,3,0,0,ALM00898
"CA954-CABO PP 0,5 KV 4/4 MM",SUPORTE,100,0,0,ALM01339
CABOS PP 4/16,SUPORTE,0,0,0,ALM01371
CABO PP 4/10,SUPORTE,0,0,0,ALM01372
"Mang 1/4 5800 psi c/ term dko + adaptador c/ 1000 + manta de fibra de vidro e silicone - NCM 4009.22.10 Conexão DKO 12s M20 X 1,5",SUPORTE,6,2,6,ALM01561
